{
    "binds" : {
        "OpenRadio" : {
            "title" : "开启轮盘",
            "hide" : false,
            "key" : "semicolon",
            "content" : "+Radio",
            "ban" : ["mouse1","mouse2","mouse3","mouse4","mouse5"],
            "ban-text" : "Radio cant be set on mouse"
        },
        "Grenade_Aim" : {
            "title" : "道具瞄准",
            "hide" : false,
            "key" : "[",
            "content" : "+CSRM_Grenade_Aim",
            "ban" : [],
            "ban-text" : ""
        },
        "Grenade_Throw" : {
            "title" : "道具投出",
            "hide" : false,
            "key" : "]",
            "content" : "+CSRM_Grenade_Throw",
            "ban" : [],
            "ban-text" : ""
        },
        "Grenade_AiAim" : {
            "title" : "一键爆弹",
            "hide" : false,
            "key" : "'",
            "content" : "+CSRM_Grenade_AiAim",
            "ban" : [],
            "ban-text" : ""
        },
        "ResetCFG" : {
            "title" : "重置 CFG",
            "hide" : false,
            "key" : "/",
            "content" : "ResetCFG",
            "ban" : [],
            "ban-text" : ""
        },
        "ResetRadioPage" : {
            "title" : "回到 CFG 主页面",
            "hide" : false,
            "key" : ".",
            "content" : "ResetRadioPage",
            "ban" : [],
            "ban-text" : ""
        },
        "GyroscopeKey" : {
            "title" : "陀螺功能",
            "hide" : false,
            "key" : "key",
            "content" : "+If_ForceGyroscope",
            "ban" : [],
            "ban-text" : ""
        },
        "DuckJump" : {
            "title" : "一键大跳",
            "hide" : false,
            "key" : "key",
            "content" : "+jduckjump",
            "ban" : [],
            "ban-text" : ""
        },
        "JumpThrow" : {
            "title" : "一键跳投",
            "hide" : false,
            "key" : "key",
            "content" : "+jjumpthrow",
            "ban" : [],
            "ban-text" : ""
        },
        "WJumpThrow" : {
            "title" : "一键前跳投",
            "hide" : false,
            "key" : "key",
            "content" : "+jwjumpthrow",
            "ban" : [],
            "ban-text" : ""
        },
        "Smoke" : {
            "title" : "切烟雾弹",
            "hide" : false,
            "key" : "key",
            "content" : "SmokeTotal",
            "ban" : [],
            "ban-text" : ""
        },
        "Flash" : {
            "title" : "切闪光弹",
            "hide" : false,
            "key" : "key",
            "content" : "FlashTotal",
            "ban" : [],
            "ban-text" : ""
        },
        "Molo" : {
            "title" : "切燃烧弹",
            "hide" : false,
            "key" : "key",
            "content" : "MoloTotal",
            "ban" : [],
            "ban-text" : ""
        },
        "HightGrenade" : {
            "title" : "切手雷",
            "hide" : false,
            "key" : "key",
            "content" : "GrenadeTotal",
            "ban" : [],
            "ban-text" : ""
        },
        "ShowScores" : {
            "title" : "开启计分板",
            "hide" : false,
            "key" : "tab",
            "content" : "+jshowscores",
            "ban" : [],
            "ban-text" : ""
        },
        "DisableAutoStop" : {
            "title" : "急停 CFG 开关",
            "hide" : false,
            "key" : "key",
            "content" : "JMove_DSpeedSwitcher",
            "ban" : ["shift","space"],
            "ban-text" : "Use Custom Options"
        },
        "WheelUp" : {
            "title" : "上滚轮",
            "hide" : true,
            "key" : "MWHEELUP",
            "content" : "MWHEELUPTotal",
            "ban" : [],
            "ban-text" : ""
        },
        "WheelDown" : {
            "title" : "下滚轮",
            "hide" : true,
            "key" : "MWHEELDOWN",
            "content" : "MWHEELDOWNTotal",
            "ban" : [],
            "ban-text" : ""
        },
        "MOUSEX" : {
            "title" : "MouseX",
            "hide" : true,
            "key" : "mouse_x",
            "content" : "\"MOUSEXTask;yaw\"",
            "ban" : [],
            "ban-text" : ""
        },
        "MOUSEY" : {
            "title" : "MouseY",
            "hide" : true,
            "key" : "mouse_y",
            "content" : "\"MOUSEYTask;pitch\"",
            "ban" : [],
            "ban-text" : ""
        },
        "Shift" : {
            "title" : "静步",
            "hide" : false,
            "key" : "Shift",
            "content" : "+ShiftTotal",
            "ban" : [],
            "ban-text" : ""
        },
        "Duck" : {
            "title" : "下蹲",
            "hide" : false,
            "key" : "Ctrl",
            "content" : "+CtrlTotal",
            "ban" : [],
            "ban-text" : ""
        },
        "Attack1" : {
            "title" : "开火",
            "hide" : false,
            "key" : "MOUSE1",
            "content" : "+MOUSE1Total",
            "ban" : [],
            "ban-text" : ""
        },
        "Attack2" : {
            "title" : "开镜",
            "hide" : false,
            "key" : "MOUSE2",
            "content" : "+MOUSE2Total",
            "ban" : [],
            "ban-text" : ""
        },
        "FirstWeapon" : {
            "title" : "切主武器",
            "hide" : false,
            "key" : "1",
            "content" : "+1Total",
            "ban" : [],
            "ban-text" : ""
        },
        "SecondWeapon" : {
            "title" : "切副武器",
            "hide" : false,
            "key" : "2",
            "content" : "+2Total",
            "ban" : [],
            "ban-text" : ""
        },
        "Knife" : {
            "title" : "切刀",
            "hide" : false,
            "key" : "3",
            "content" : "+3Total",
            "ban" : [],
            "ban-text" : ""
        },
        "Grenades" : {
            "title" : "切道具",
            "hide" : false,
            "key" : "4",
            "content" : "+4Total",
            "ban" : [],
            "ban-text" : ""
        },
        "C4" : {
            "title" : "切 C4",
            "hide" : false,
            "key" : "5",
            "content" : "+5Total",
            "ban" : [],
            "ban-text" : ""
        },
        "LastInv" : {
            "title" : "切换至上一物品",
            "hide" : false,
            "key" : "q",
            "content" : "+QTotal",
            "ban" : [],
            "ban-text" : ""
        },
        "Use" : {
            "title" : "拆包",
            "hide" : false,
            "key" : "e",
            "content" : "+ETotal",
            "ban" : [],
            "ban-text" : ""
        },
        "Drop" : {
            "title" : "丢弃",
            "hide" : false,
            "key" : "g",
            "content" : "+GTotal",
            "ban" : [],
            "ban-text" : ""
        },
        "Forward" : {
            "title" : "前走",
            "hide" : false,
            "key" : "w",
            "content" : "+jforward",
            "ban" : [],
            "ban-text" : ""
        },
        "Left" : {
            "title" : "左走",
            "hide" : false,
            "key" : "a",
            "content" : "+jleft",
            "ban" : [],
            "ban-text" : ""
        },
        "Back" : {
            "title" : "后走",
            "hide" : false,
            "key" : "s",
            "content" : "+jback",
            "ban" : [],
            "ban-text" : ""
        },
        "Right" : {
            "title" : "右走",
            "hide" : false,
            "key" : "d",
            "content" : "+jright",
            "ban" : [],
            "ban-text" : ""
        },
        "Jump" : {
            "title" : "跳跃",
            "hide" : false,
            "key" : "space",
            "content" : "+SpaceTotal",
            "ban" : [],
            "ban-text" : ""
        }
    },
    "usrvars" : {
        "fps_max" : 128,
        "sensitivity" : "0.70",
        "m_yaw" : "0.022",
        "m_pitch" : "0.022"
    },
    "settings" : {
        "CFGMainPage" : {
            "title" : "设置 CFG 主页面",
            "hide"  : false,
            "options" : [
                "RadioPrefer_Grenade",
                "RadioPrefer_CFGMain"
            ],
            "text" : [
                "默认主页面为道具轮盘",
                "默认主页面为CFG主页"
            ],
            "using" : 0
        },
        "AutoC4Detect" : {
            "title" : "设置 C4 自动探测",
            "hide"  : false,
            "options" : [
                "CSRM_C4Status_EnableAutoSwitcher",
                "CSRM_C4Status_DisableAutoSwitcher"
            ],
            "text" : [
                "默认开启自动 C4 探测",
                "默认关闭自动 C4 探测"
            ],
            "using" : 1
        },
        "C4Output" : {
            "title" : "设置 C4 文字输出",
            "hide"  : false,
            "options" : [
                "CSRM_C4Status_UseChatWheelSwitcher",
                "CSRM_C4Status_UsePreferenceSwitcher"
            ],
            "text" : [
                "默认使用队内彩色无线电",
                "默认使用默认输出方式"
            ],
            "using" : 1
        },
        "CFGOutput" : {
            "title" : "设置 CFG 文字输出",
            "hide"  : false,
            "options" : [
                "CSRM_OutputSwitcher_None",
                "CSRM_OutputSwitcher_Team",
                "CSRM_OutputSwitcher_Echo",
                "CSRM_OutputSwitcher_All"
            ],
            "text" : [
                "默认文字不输出",
                "默认文字输出到队内",
                "默认文字输出到控制台",
                "默认文字输出到所有人"
            ],
            "using" : 1
        },
        "SpaceDuckJump" : {
            "title" : "是否开启跳跃键自动大跳",
            "hide"  : false,
            "options" : [
                "DuckJumpSwitcherOn",
                "DuckJumpSwitcherOff"
            ],
            "text" : [
                "开启",
                "关闭"
            ],
            "using" : 1
        },
        "AutoStop" : {
            "title" : "设置急停 CFG",
            "hide"  : false,
            "options" : [
                "IMStopSwitcherFull",
                "IMStopSwitcherNone"
            ],
            "text" : [
                "使用全向急停",
                "关闭自动急停"
            ],
            "using" : 0
        },
        "ScaleWhenShift" : {
            "title" : "是否静步时缩放小地图",
            "hide"  : false,
            "options" : [
                "CSRM_RadarScale_EnableShift",
                "CSRM_RadarScale_DisableShift"
            ],
            "text" : [
                "开启",
                "关闭"
            ],
            "using" : 0
        },
        "ScaleWhenCtrl" : {
            "title" : "是否下蹲时缩放小地图",
            "hide"  : false,
            "options" : [
                "CSRM_RadarScale_EnableCtrl",
                "CSRM_RadarScale_DisableCtrl"
            ],
            "text" : [
                "开启",
                "关闭"
            ],
            "using" : 0
        },
        "AutoStopShiftBan" : {
            "title" : "是否静步时关闭急停CFG",
            "hide"  : false,
            "options" : [
                "JMove_EnableShiftBan",
                "JMove_DisableShiftBan"
            ],
            "text" : [
                "关闭",
                "不关闭"
            ],
            "using" : 1
        },
        "AutoStopBhopBan" : {
            "title" : "是否连跳时关闭急停CFG",
            "hide"  : false,
            "options" : [
                "JMove_EnableBhopBan",
                "JMove_DisableBhopBan"
            ],
            "text" : [
                "关闭",
                "不关闭"
            ],
            "using" : 0
        },
        "AutoBhop" : {
            "title" : "是否开启空格连跳",
            "hide"  : false,
            "options" : [
                "JMove_EnableBhopBan",
                "JMove_DisableBhopBan"
            ],
            "text" : [
                "开启",
                "关闭"
            ],
            "using" : 0
        },
        "AttackDeDefuse" : {
            "title" : "是否开火自动取消拆包",
            "hide"  : false,
            "options" : [
                "AttackDeDefuseSwitcherOn",
                "AttackDeDefuseSwitcherOff"
            ],
            "text" : [
                "开启",
                "关闭"
            ],
            "using" : 0
        },
        "WheelJump" : {
            "title" : "设置滚轮跳增强",
            "hide"  : false,
            "options" : [
                "WJSwitcherOn",
                "WJSwitcherOnly",
                "WJSwitcherOff"
            ],
            "text" : [
                "开启",
                "按住跳跃时开启",
                "关闭"
            ],
            "using" : 0
        },
        "CrossHairFastRev" : {
            "title" : "是否准心快速回正",
            "hide"  : false,
            "options" : [
                "RecoilFastRevSwitcherOn",
                "RecoilFastRevSwitcherOff"
            ],
            "text" : [
                "开启",
                "关闭"
            ],
            "using" : 1
        },
        "CrossHairRecoil" : {
            "title" : "设置准心跟随",
            "hide"  : false,
            "options" : [
                "RecoilSwitcherOn",
                "RecoilSwitcherOnly",
                "RecoilSwitcherOff"
            ],
            "text" : [
                "开启",
                "仅移动时开启",
                "关闭"
            ],
            "using" : 2
        },
        "CrossHairDouble" : {
            "title" : "是否启用双准心",
            "hide"  : false,
            "options" : [
                "DoubleCrossHairSwitcherOn",
                "DoubleCrossHairSwitcherOff"
            ],
            "text" : [
                "开启",
                "关闭"
            ],
            "using" : 1
        },
        "CrossHairFade" : {
            "title" : "是否启用跟随准心渐显",
            "hide"  : false,
            "options" : [
                "FadeRecoilSwitcherOn",
                "FadeRecoilSwitcherOff"
            ],
            "text" : [
                "开启",
                "关闭"
            ],
            "using" : 1
        }
    },
    "Fixed" : [
        "alias NoneAimedUse \"alias DoSayEchoWork echoln 请先按 [;alias DoSayAllWork say 请先按 [;alias DoSayTeamWork say_team 请先按 [;DoOutput\"",
        "alias CFGGuide1 alias DoSayEchoWork \"echoln 先按 [键 瞄准, 再按 ]键 投掷, 按 分号键 选择道具, 按 句号键 返回CFG主页面, 按 问号键 重置CFG, 按 引号键 进行视角回正+智能推荐(方便爆弹);\"",
        "alias CFGGuide2 alias DoSayAllWork \"say 先按 [键 瞄准, 再按 ]键 投掷, 按 分号键 选择道具, 按 句号键 返回CFG主页面, 按 问号键 重置CFG, 按 引号键 进行视角回正+智能推荐(方便爆弹);\"",
        "alias CFGGuide3 alias DoSayTeamWork \"say_team 先再按 [键 瞄准, 再按 ]键 投掷, 按 分号键 选择道具, 按 句号键 返回CFG主页面, 按 问号键 重置CFG, 按 引号键 进行视角回正+智能推荐(方便爆弹);\"",
        "alias CFGGuideText \"CFGGuide1;CFGGuide2;CFGGuide3;DoOutput\"",
        "alias DeAlias_OutputForSetwait \"alias DoSayEchoWork echoln 投掷物未指定, 请按 : 选择投掷物;alias DoSayAllWork say 投掷物未指定, 请按 : 选择投掷物;alias DoSayTeamWork say_team 投掷物未指定, 请按 : 选择投掷物;DoOutput\""
    ]
}