"filename", "language", "Batch", "CSGO cfg", "C++", "PowerShell", "Python", "Markdown", "comment", "blank", "total"
"d:\Program Files (x86)\Steam\steamapps\common\Counter-Strike Global Offensive\game\csgo\cfg\CSRM\Addon\AddonMain.cfg", "CSGO cfg", 0, 11, 0, 0, 0, 0, 0, 1, 12
"d:\Program Files (x86)\Steam\steamapps\common\Counter-Strike Global Offensive\game\csgo\cfg\CSRM\Addon\AttackDeDefuse.cfg", "CSGO cfg", 0, 5, 0, 0, 0, 0, 0, 2, 7
"d:\Program Files (x86)\Steam\steamapps\common\Counter-Strike Global Offensive\game\csgo\cfg\CSRM\Addon\AutoAttack\AutoAttack.cfg", "CSGO cfg", 0, 20, 0, 0, 0, 0, 0, 4, 24
"d:\Program Files (x86)\Steam\steamapps\common\Counter-Strike Global Offensive\game\csgo\cfg\CSRM\Addon\C4Utilities\C4Utilities.cfg", "CSGO cfg", 0, 62, 0, 0, 0, 0, 3, 17, 82
"d:\Program Files (x86)\Steam\steamapps\common\Counter-Strike Global Offensive\game\csgo\cfg\CSRM\Addon\C4Utilities\RadioInfo1CMD.cfg", "CSGO cfg", 0, 8, 0, 0, 0, 0, 0, 1, 9
"d:\Program Files (x86)\Steam\steamapps\common\Counter-Strike Global Offensive\game\csgo\cfg\CSRM\Addon\C4Utilities\RadioInfo1Text.cfg", "CSGO cfg", 0, 12, 0, 0, 0, 0, 0, 5, 17
"d:\Program Files (x86)\Steam\steamapps\common\Counter-Strike Global Offensive\game\csgo\cfg\CSRM\Addon\C4Utilities\playerchatwheel\C4InAir.cfg", "CSGO cfg", 0, 1, 0, 0, 0, 0, 0, 0, 1
"d:\Program Files (x86)\Steam\steamapps\common\Counter-Strike Global Offensive\game\csgo\cfg\CSRM\Addon\C4Utilities\playerchatwheel\C4OnLand.cfg", "CSGO cfg", 0, 1, 0, 0, 0, 0, 0, 0, 1
"d:\Program Files (x86)\Steam\steamapps\common\Counter-Strike Global Offensive\game\csgo\cfg\CSRM\Addon\C4Utilities\playerchatwheel\C4OnMan.cfg", "CSGO cfg", 0, 1, 0, 0, 0, 0, 0, 0, 1
"d:\Program Files (x86)\Steam\steamapps\common\Counter-Strike Global Offensive\game\csgo\cfg\CSRM\Addon\C4Utilities\playerchatwheel\C4Planted.cfg", "CSGO cfg", 0, 1, 0, 0, 0, 0, 0, 1, 2
"d:\Program Files (x86)\Steam\steamapps\common\Counter-Strike Global Offensive\game\csgo\cfg\CSRM\Addon\CrossHairWork.cfg", "CSGO cfg", 0, 35, 0, 0, 0, 0, 10, 16, 61
"d:\Program Files (x86)\Steam\steamapps\common\Counter-Strike Global Offensive\game\csgo\cfg\CSRM\Addon\CrossHairWork_Changer.cfg", "CSGO cfg", 0, 35, 0, 0, 0, 0, 0, 2, 37
"d:\Program Files (x86)\Steam\steamapps\common\Counter-Strike Global Offensive\game\csgo\cfg\CSRM\Addon\DuckJump.cfg", "CSGO cfg", 0, 4, 0, 0, 0, 0, 0, 3, 7
"d:\Program Files (x86)\Steam\steamapps\common\Counter-Strike Global Offensive\game\csgo\cfg\CSRM\Addon\GetCrossHair.ps1", "PowerShell", 0, 0, 0, 149, 0, 0, 82, 31, 262
"d:\Program Files (x86)\Steam\steamapps\common\Counter-Strike Global Offensive\game\csgo\cfg\CSRM\Addon\IMStop\8DirectionAutoStop.cfg", "CSGO cfg", 0, 205, 0, 0, 0, 0, 26, 48, 279
"d:\Program Files (x86)\Steam\steamapps\common\Counter-Strike Global Offensive\game\csgo\cfg\CSRM\Addon\IMStop\IMStopDB.cfg", "CSGO cfg", 0, 85, 0, 0, 0, 0, 0, 18, 103
"d:\Program Files (x86)\Steam\steamapps\common\Counter-Strike Global Offensive\game\csgo\cfg\CSRM\Addon\IMStop\IMStopFull.cfg", "CSGO cfg", 0, 111, 0, 0, 0, 0, 0, 24, 135
"d:\Program Files (x86)\Steam\steamapps\common\Counter-Strike Global Offensive\game\csgo\cfg\CSRM\Addon\IMStop\IMStopMain.cfg", "CSGO cfg", 0, 21, 0, 0, 0, 0, 4, 6, 31
"d:\Program Files (x86)\Steam\steamapps\common\Counter-Strike Global Offensive\game\csgo\cfg\CSRM\Addon\IMStop\IMStopNone.cfg", "CSGO cfg", 0, 85, 0, 0, 0, 0, 0, 18, 103
"d:\Program Files (x86)\Steam\steamapps\common\Counter-Strike Global Offensive\game\csgo\cfg\CSRM\Addon\IMStop\IMStopOld.cfg", "CSGO cfg", 0, 101, 0, 0, 0, 0, 2, 23, 126
"d:\Program Files (x86)\Steam\steamapps\common\Counter-Strike Global Offensive\game\csgo\cfg\CSRM\Addon\IMStop\IMStopOnlyWS.cfg", "CSGO cfg", 0, 85, 0, 0, 0, 0, 0, 18, 103
"d:\Program Files (x86)\Steam\steamapps\common\Counter-Strike Global Offensive\game\csgo\cfg\CSRM\Addon\IMStop\IMStopSnapTap.cfg", "CSGO cfg", 0, 85, 0, 0, 0, 0, 0, 18, 103
"d:\Program Files (x86)\Steam\steamapps\common\Counter-Strike Global Offensive\game\csgo\cfg\CSRM\Addon\IMStop\IMStopWC.cfg", "CSGO cfg", 0, 85, 0, 0, 0, 0, 0, 18, 103
"d:\Program Files (x86)\Steam\steamapps\common\Counter-Strike Global Offensive\game\csgo\cfg\CSRM\Addon\IMStop\jiami.cfg", "CSGO cfg", 0, 205, 0, 0, 0, 0, 26, 48, 279
"d:\Program Files (x86)\Steam\steamapps\common\Counter-Strike Global Offensive\game\csgo\cfg\CSRM\Addon\IMStop\加密.cpp", "C++", 0, 0, 35, 0, 0, 0, 1, 1, 37
"d:\Program Files (x86)\Steam\steamapps\common\Counter-Strike Global Offensive\game\csgo\cfg\CSRM\Addon\JMove\AutoStop\AutoStopFull.cfg", "CSGO cfg", 0, 83, 0, 0, 0, 0, 1, 16, 100
"d:\Program Files (x86)\Steam\steamapps\common\Counter-Strike Global Offensive\game\csgo\cfg\CSRM\Addon\JMove\AutoStop\AutoStopKB.cfg", "CSGO cfg", 0, 47, 0, 0, 0, 0, 1, 14, 62
"d:\Program Files (x86)\Steam\steamapps\common\Counter-Strike Global Offensive\game\csgo\cfg\CSRM\Addon\JMove\AutoStop\AutoStopNone.cfg", "CSGO cfg", 0, 47, 0, 0, 0, 0, 1, 13, 61
"d:\Program Files (x86)\Steam\steamapps\common\Counter-Strike Global Offensive\game\csgo\cfg\CSRM\Addon\JMove\AutoStop\AutoStopSwitcher.cfg", "CSGO cfg", 0, 4, 0, 0, 0, 0, 19, 3, 26
"d:\Program Files (x86)\Steam\steamapps\common\Counter-Strike Global Offensive\game\csgo\cfg\CSRM\Addon\JMove\Eventer.cfg", "CSGO cfg", 0, 81, 0, 0, 0, 0, 0, 14, 95
"d:\Program Files (x86)\Steam\steamapps\common\Counter-Strike Global Offensive\game\csgo\cfg\CSRM\Addon\JMove\FastShift\FastShift.cfg", "CSGO cfg", 0, 83, 0, 0, 0, 0, 2, 16, 101
"d:\Program Files (x86)\Steam\steamapps\common\Counter-Strike Global Offensive\game\csgo\cfg\CSRM\Addon\JMove\FastShift\RadioInfo1CMD.cfg", "CSGO cfg", 0, 8, 0, 0, 0, 0, 0, 1, 9
"d:\Program Files (x86)\Steam\steamapps\common\Counter-Strike Global Offensive\game\csgo\cfg\CSRM\Addon\JMove\FastShift\RadioInfo1Text.cfg", "CSGO cfg", 0, 8, 0, 0, 0, 0, 0, 1, 9
"d:\Program Files (x86)\Steam\steamapps\common\Counter-Strike Global Offensive\game\csgo\cfg\CSRM\Addon\JMove\Gyroscope\Gyroscope.cfg", "CSGO cfg", 0, 26, 0, 0, 0, 0, 1, 3, 30
"d:\Program Files (x86)\Steam\steamapps\common\Counter-Strike Global Offensive\game\csgo\cfg\CSRM\Addon\JMove\Gyroscope\RadioInfo1CMD.cfg", "CSGO cfg", 0, 9, 0, 0, 0, 0, 0, 0, 9
"d:\Program Files (x86)\Steam\steamapps\common\Counter-Strike Global Offensive\game\csgo\cfg\CSRM\Addon\JMove\Gyroscope\RadioInfo1Text.cfg", "CSGO cfg", 0, 8, 0, 0, 0, 0, 0, 1, 9
"d:\Program Files (x86)\Steam\steamapps\common\Counter-Strike Global Offensive\game\csgo\cfg\CSRM\Addon\JMove\JMove.cfg", "CSGO cfg", 0, 159, 0, 0, 0, 0, 28, 48, 235
"d:\Program Files (x86)\Steam\steamapps\common\Counter-Strike Global Offensive\game\csgo\cfg\CSRM\Addon\JMove\Ticker\JMoveJumpTicker.cfg", "CSGO cfg", 0, 47, 0, 0, 0, 0, 0, 23, 70
"d:\Program Files (x86)\Steam\steamapps\common\Counter-Strike Global Offensive\game\csgo\cfg\CSRM\Addon\JMove\Ticker\JMoveJumpTicker1.cfg", "CSGO cfg", 0, 110001, 0, 0, 0, 0, 0, 1, 110002
"d:\Program Files (x86)\Steam\steamapps\common\Counter-Strike Global Offensive\game\csgo\cfg\CSRM\Addon\JMove\Ticker\JMoveJumpTicker10.cfg", "CSGO cfg", 0, 110010, 0, 0, 0, 0, 0, 1, 110011
"d:\Program Files (x86)\Steam\steamapps\common\Counter-Strike Global Offensive\game\csgo\cfg\CSRM\Addon\JMove\Ticker\JMoveJumpTicker11.cfg", "CSGO cfg", 0, 110011, 0, 0, 0, 0, 0, 1, 110012
"d:\Program Files (x86)\Steam\steamapps\common\Counter-Strike Global Offensive\game\csgo\cfg\CSRM\Addon\JMove\Ticker\JMoveJumpTicker12.cfg", "CSGO cfg", 0, 110012, 0, 0, 0, 0, 0, 1, 110013
"d:\Program Files (x86)\Steam\steamapps\common\Counter-Strike Global Offensive\game\csgo\cfg\CSRM\Addon\JMove\Ticker\JMoveJumpTicker13.cfg", "CSGO cfg", 0, 110013, 0, 0, 0, 0, 0, 1, 110014
"d:\Program Files (x86)\Steam\steamapps\common\Counter-Strike Global Offensive\game\csgo\cfg\CSRM\Addon\JMove\Ticker\JMoveJumpTicker14.cfg", "CSGO cfg", 0, 110014, 0, 0, 0, 0, 0, 1, 110015
"d:\Program Files (x86)\Steam\steamapps\common\Counter-Strike Global Offensive\game\csgo\cfg\CSRM\Addon\JMove\Ticker\JMoveJumpTicker15.cfg", "CSGO cfg", 0, 110015, 0, 0, 0, 0, 0, 1, 110016
"d:\Program Files (x86)\Steam\steamapps\common\Counter-Strike Global Offensive\game\csgo\cfg\CSRM\Addon\JMove\Ticker\JMoveJumpTicker16.cfg", "CSGO cfg", 0, 110016, 0, 0, 0, 0, 0, 1, 110017
"d:\Program Files (x86)\Steam\steamapps\common\Counter-Strike Global Offensive\game\csgo\cfg\CSRM\Addon\JMove\Ticker\JMoveJumpTicker17.cfg", "CSGO cfg", 0, 110017, 0, 0, 0, 0, 0, 1, 110018
"d:\Program Files (x86)\Steam\steamapps\common\Counter-Strike Global Offensive\game\csgo\cfg\CSRM\Addon\JMove\Ticker\JMoveJumpTicker18.cfg", "CSGO cfg", 0, 110018, 0, 0, 0, 0, 0, 1, 110019
"d:\Program Files (x86)\Steam\steamapps\common\Counter-Strike Global Offensive\game\csgo\cfg\CSRM\Addon\JMove\Ticker\JMoveJumpTicker19.cfg", "CSGO cfg", 0, 110019, 0, 0, 0, 0, 0, 1, 110020
"d:\Program Files (x86)\Steam\steamapps\common\Counter-Strike Global Offensive\game\csgo\cfg\CSRM\Addon\JMove\Ticker\JMoveJumpTicker2.cfg", "CSGO cfg", 0, 110002, 0, 0, 0, 0, 0, 1, 110003
"d:\Program Files (x86)\Steam\steamapps\common\Counter-Strike Global Offensive\game\csgo\cfg\CSRM\Addon\JMove\Ticker\JMoveJumpTicker20.cfg", "CSGO cfg", 0, 110020, 0, 0, 0, 0, 0, 1, 110021
"d:\Program Files (x86)\Steam\steamapps\common\Counter-Strike Global Offensive\game\csgo\cfg\CSRM\Addon\JMove\Ticker\JMoveJumpTicker3.cfg", "CSGO cfg", 0, 110003, 0, 0, 0, 0, 0, 1, 110004
"d:\Program Files (x86)\Steam\steamapps\common\Counter-Strike Global Offensive\game\csgo\cfg\CSRM\Addon\JMove\Ticker\JMoveJumpTicker4.cfg", "CSGO cfg", 0, 110004, 0, 0, 0, 0, 0, 1, 110005
"d:\Program Files (x86)\Steam\steamapps\common\Counter-Strike Global Offensive\game\csgo\cfg\CSRM\Addon\JMove\Ticker\JMoveJumpTicker5.cfg", "CSGO cfg", 0, 110005, 0, 0, 0, 0, 0, 1, 110006
"d:\Program Files (x86)\Steam\steamapps\common\Counter-Strike Global Offensive\game\csgo\cfg\CSRM\Addon\JMove\Ticker\JMoveJumpTicker6.cfg", "CSGO cfg", 0, 110006, 0, 0, 0, 0, 0, 1, 110007
"d:\Program Files (x86)\Steam\steamapps\common\Counter-Strike Global Offensive\game\csgo\cfg\CSRM\Addon\JMove\Ticker\JMoveJumpTicker7.cfg", "CSGO cfg", 0, 110007, 0, 0, 0, 0, 0, 1, 110008
"d:\Program Files (x86)\Steam\steamapps\common\Counter-Strike Global Offensive\game\csgo\cfg\CSRM\Addon\JMove\Ticker\JMoveJumpTicker8.cfg", "CSGO cfg", 0, 110008, 0, 0, 0, 0, 0, 1, 110009
"d:\Program Files (x86)\Steam\steamapps\common\Counter-Strike Global Offensive\game\csgo\cfg\CSRM\Addon\JMove\Ticker\JMoveJumpTicker9.cfg", "CSGO cfg", 0, 110009, 0, 0, 0, 0, 0, 1, 110010
"d:\Program Files (x86)\Steam\steamapps\common\Counter-Strike Global Offensive\game\csgo\cfg\CSRM\Addon\JMove\Ticker\JMoveTicker.cfg", "CSGO cfg", 0, 58, 0, 0, 0, 0, 0, 23, 81
"d:\Program Files (x86)\Steam\steamapps\common\Counter-Strike Global Offensive\game\csgo\cfg\CSRM\Addon\JMove\Ticker\JMoveTicker1.cfg", "CSGO cfg", 0, 120001, 0, 0, 0, 0, 0, 1, 120002
"d:\Program Files (x86)\Steam\steamapps\common\Counter-Strike Global Offensive\game\csgo\cfg\CSRM\Addon\JMove\Ticker\JMoveTicker10.cfg", "CSGO cfg", 0, 120010, 0, 0, 0, 0, 0, 1, 120011
"d:\Program Files (x86)\Steam\steamapps\common\Counter-Strike Global Offensive\game\csgo\cfg\CSRM\Addon\JMove\Ticker\JMoveTicker11.cfg", "CSGO cfg", 0, 120011, 0, 0, 0, 0, 0, 1, 120012
"d:\Program Files (x86)\Steam\steamapps\common\Counter-Strike Global Offensive\game\csgo\cfg\CSRM\Addon\JMove\Ticker\JMoveTicker12.cfg", "CSGO cfg", 0, 120012, 0, 0, 0, 0, 0, 1, 120013
"d:\Program Files (x86)\Steam\steamapps\common\Counter-Strike Global Offensive\game\csgo\cfg\CSRM\Addon\JMove\Ticker\JMoveTicker13.cfg", "CSGO cfg", 0, 120013, 0, 0, 0, 0, 0, 1, 120014
"d:\Program Files (x86)\Steam\steamapps\common\Counter-Strike Global Offensive\game\csgo\cfg\CSRM\Addon\JMove\Ticker\JMoveTicker14.cfg", "CSGO cfg", 0, 120014, 0, 0, 0, 0, 0, 1, 120015
"d:\Program Files (x86)\Steam\steamapps\common\Counter-Strike Global Offensive\game\csgo\cfg\CSRM\Addon\JMove\Ticker\JMoveTicker15.cfg", "CSGO cfg", 0, 120015, 0, 0, 0, 0, 0, 1, 120016
"d:\Program Files (x86)\Steam\steamapps\common\Counter-Strike Global Offensive\game\csgo\cfg\CSRM\Addon\JMove\Ticker\JMoveTicker16.cfg", "CSGO cfg", 0, 120016, 0, 0, 0, 0, 0, 1, 120017
"d:\Program Files (x86)\Steam\steamapps\common\Counter-Strike Global Offensive\game\csgo\cfg\CSRM\Addon\JMove\Ticker\JMoveTicker17.cfg", "CSGO cfg", 0, 120017, 0, 0, 0, 0, 0, 1, 120018
"d:\Program Files (x86)\Steam\steamapps\common\Counter-Strike Global Offensive\game\csgo\cfg\CSRM\Addon\JMove\Ticker\JMoveTicker18.cfg", "CSGO cfg", 0, 120018, 0, 0, 0, 0, 0, 1, 120019
"d:\Program Files (x86)\Steam\steamapps\common\Counter-Strike Global Offensive\game\csgo\cfg\CSRM\Addon\JMove\Ticker\JMoveTicker19.cfg", "CSGO cfg", 0, 120019, 0, 0, 0, 0, 0, 1, 120020
"d:\Program Files (x86)\Steam\steamapps\common\Counter-Strike Global Offensive\game\csgo\cfg\CSRM\Addon\JMove\Ticker\JMoveTicker2.cfg", "CSGO cfg", 0, 120002, 0, 0, 0, 0, 0, 1, 120003
"d:\Program Files (x86)\Steam\steamapps\common\Counter-Strike Global Offensive\game\csgo\cfg\CSRM\Addon\JMove\Ticker\JMoveTicker20.cfg", "CSGO cfg", 0, 120021, 0, 0, 0, 0, 0, 0, 120021
"d:\Program Files (x86)\Steam\steamapps\common\Counter-Strike Global Offensive\game\csgo\cfg\CSRM\Addon\JMove\Ticker\JMoveTicker3.cfg", "CSGO cfg", 0, 120003, 0, 0, 0, 0, 0, 1, 120004
"d:\Program Files (x86)\Steam\steamapps\common\Counter-Strike Global Offensive\game\csgo\cfg\CSRM\Addon\JMove\Ticker\JMoveTicker4.cfg", "CSGO cfg", 0, 120004, 0, 0, 0, 0, 0, 1, 120005
"d:\Program Files (x86)\Steam\steamapps\common\Counter-Strike Global Offensive\game\csgo\cfg\CSRM\Addon\JMove\Ticker\JMoveTicker5.cfg", "CSGO cfg", 0, 120005, 0, 0, 0, 0, 0, 1, 120006
"d:\Program Files (x86)\Steam\steamapps\common\Counter-Strike Global Offensive\game\csgo\cfg\CSRM\Addon\JMove\Ticker\JMoveTicker6.cfg", "CSGO cfg", 0, 120006, 0, 0, 0, 0, 0, 1, 120007
"d:\Program Files (x86)\Steam\steamapps\common\Counter-Strike Global Offensive\game\csgo\cfg\CSRM\Addon\JMove\Ticker\JMoveTicker7.cfg", "CSGO cfg", 0, 120007, 0, 0, 0, 0, 0, 1, 120008
"d:\Program Files (x86)\Steam\steamapps\common\Counter-Strike Global Offensive\game\csgo\cfg\CSRM\Addon\JMove\Ticker\JMoveTicker8.cfg", "CSGO cfg", 0, 120008, 0, 0, 0, 0, 0, 1, 120009
"d:\Program Files (x86)\Steam\steamapps\common\Counter-Strike Global Offensive\game\csgo\cfg\CSRM\Addon\JMove\Ticker\JMoveTicker9.cfg", "CSGO cfg", 0, 120009, 0, 0, 0, 0, 0, 1, 120010
"d:\Program Files (x86)\Steam\steamapps\common\Counter-Strike Global Offensive\game\csgo\cfg\CSRM\Addon\JMove\Ticker\JMoveTickerGen.cpp", "C++", 0, 0, 43, 0, 0, 0, 2, 1, 46
"d:\Program Files (x86)\Steam\steamapps\common\Counter-Strike Global Offensive\game\csgo\cfg\CSRM\Addon\PlayerCrossHair.cfg", "CSGO cfg", 0, 4, 0, 0, 0, 0, 0, 2, 6
"d:\Program Files (x86)\Steam\steamapps\common\Counter-Strike Global Offensive\game\csgo\cfg\CSRM\Addon\RegEdit.cfg", "CSGO cfg", 0, 33, 0, 0, 0, 0, 0, 18, 51
"d:\Program Files (x86)\Steam\steamapps\common\Counter-Strike Global Offensive\game\csgo\cfg\CSRM\Addon\WheelJump.cfg", "CSGO cfg", 0, 18, 0, 0, 0, 0, 0, 6, 24
"d:\Program Files (x86)\Steam\steamapps\common\Counter-Strike Global Offensive\game\csgo\cfg\CSRM\Addon\WheelJumpDesubtick.cfg", "CSGO cfg", 0, 2, 0, 0, 0, 0, 0, 1, 3
"d:\Program Files (x86)\Steam\steamapps\common\Counter-Strike Global Offensive\game\csgo\cfg\CSRM\CustomGrenade\CustomGrenadeRegedit.cfg", "CSGO cfg", 0, 1, 0, 0, 0, 0, 0, 1, 2
"d:\Program Files (x86)\Steam\steamapps\common\Counter-Strike Global Offensive\game\csgo\cfg\CSRM\CustomGrenade\RadioInfo1CMD.cfg", "CSGO cfg", 0, 8, 0, 0, 0, 0, 0, 1, 9
"d:\Program Files (x86)\Steam\steamapps\common\Counter-Strike Global Offensive\game\csgo\cfg\CSRM\CustomGrenade\RadioInfo1Text.cfg", "CSGO cfg", 0, 8, 0, 0, 0, 0, 0, 1, 9
"d:\Program Files (x86)\Steam\steamapps\common\Counter-Strike Global Offensive\game\csgo\cfg\CSRM\Grenade\Ancient\RadioCate1CMD.cfg", "CSGO cfg", 0, 8, 0, 0, 0, 0, 0, 0, 8
"d:\Program Files (x86)\Steam\steamapps\common\Counter-Strike Global Offensive\game\csgo\cfg\CSRM\Grenade\Ancient\RadioCate1Text.cfg", "CSGO cfg", 0, 8, 0, 0, 0, 0, 0, 1, 9
"d:\Program Files (x86)\Steam\steamapps\common\Counter-Strike Global Offensive\game\csgo\cfg\CSRM\Grenade\Ancient\RadioCate2CMD.cfg", "CSGO cfg", 0, 8, 0, 0, 0, 0, 0, 0, 8
"d:\Program Files (x86)\Steam\steamapps\common\Counter-Strike Global Offensive\game\csgo\cfg\CSRM\Grenade\Ancient\RadioCate2Text.cfg", "CSGO cfg", 0, 8, 0, 0, 0, 0, 0, 1, 9
"d:\Program Files (x86)\Steam\steamapps\common\Counter-Strike Global Offensive\game\csgo\cfg\CSRM\Grenade\Ancient\RadioCate3CMD.cfg", "CSGO cfg", 0, 8, 0, 0, 0, 0, 0, 0, 8
"d:\Program Files (x86)\Steam\steamapps\common\Counter-Strike Global Offensive\game\csgo\cfg\CSRM\Grenade\Ancient\RadioCate3Text.cfg", "CSGO cfg", 0, 8, 0, 0, 0, 0, 0, 1, 9
"d:\Program Files (x86)\Steam\steamapps\common\Counter-Strike Global Offensive\game\csgo\cfg\CSRM\Grenade\Anubis\RadioCate1CMD.cfg", "CSGO cfg", 0, 8, 0, 0, 0, 0, 0, 0, 8
"d:\Program Files (x86)\Steam\steamapps\common\Counter-Strike Global Offensive\game\csgo\cfg\CSRM\Grenade\Anubis\RadioCate1Text.cfg", "CSGO cfg", 0, 8, 0, 0, 0, 0, 0, 1, 9
"d:\Program Files (x86)\Steam\steamapps\common\Counter-Strike Global Offensive\game\csgo\cfg\CSRM\Grenade\Anubis\RadioCate2CMD.cfg", "CSGO cfg", 0, 8, 0, 0, 0, 0, 0, 0, 8
"d:\Program Files (x86)\Steam\steamapps\common\Counter-Strike Global Offensive\game\csgo\cfg\CSRM\Grenade\Anubis\RadioCate2Text.cfg", "CSGO cfg", 0, 8, 0, 0, 0, 0, 0, 1, 9
"d:\Program Files (x86)\Steam\steamapps\common\Counter-Strike Global Offensive\game\csgo\cfg\CSRM\Grenade\Anubis\RadioCate3CMD.cfg", "CSGO cfg", 0, 8, 0, 0, 0, 0, 0, 0, 8
"d:\Program Files (x86)\Steam\steamapps\common\Counter-Strike Global Offensive\game\csgo\cfg\CSRM\Grenade\Anubis\RadioCate3Text.cfg", "CSGO cfg", 0, 8, 0, 0, 0, 0, 0, 1, 9
"d:\Program Files (x86)\Steam\steamapps\common\Counter-Strike Global Offensive\game\csgo\cfg\CSRM\Grenade\BUGFlash\RadioInfo1CMD.cfg", "CSGO cfg", 0, 10, 0, 0, 0, 0, 0, 2, 12
"d:\Program Files (x86)\Steam\steamapps\common\Counter-Strike Global Offensive\game\csgo\cfg\CSRM\Grenade\BUGFlash\RadioInfo1Text.cfg", "CSGO cfg", 0, 8, 0, 0, 0, 0, 0, 1, 9
"d:\Program Files (x86)\Steam\steamapps\common\Counter-Strike Global Offensive\game\csgo\cfg\CSRM\Grenade\Dust2\AShort\RadioInfo1CMD.cfg", "CSGO cfg", 0, 10, 0, 0, 0, 0, 0, 1, 11
"d:\Program Files (x86)\Steam\steamapps\common\Counter-Strike Global Offensive\game\csgo\cfg\CSRM\Grenade\Dust2\AShort\RadioInfo1Text.cfg", "CSGO cfg", 0, 8, 0, 0, 0, 0, 0, 1, 9
"d:\Program Files (x86)\Steam\steamapps\common\Counter-Strike Global Offensive\game\csgo\cfg\CSRM\Grenade\Dust2\AShort\SetAISW1.cfg", "CSGO cfg", 0, 1, 0, 0, 0, 0, 0, 0, 1
"d:\Program Files (x86)\Steam\steamapps\common\Counter-Strike Global Offensive\game\csgo\cfg\CSRM\Grenade\Dust2\BBomb\RadioInfo1CMD.cfg", "CSGO cfg", 0, 11, 0, 0, 0, 0, 0, 1, 12
"d:\Program Files (x86)\Steam\steamapps\common\Counter-Strike Global Offensive\game\csgo\cfg\CSRM\Grenade\Dust2\BBomb\RadioInfo1Text.cfg", "CSGO cfg", 0, 8, 0, 0, 0, 0, 0, 1, 9
"d:\Program Files (x86)\Steam\steamapps\common\Counter-Strike Global Offensive\game\csgo\cfg\CSRM\Grenade\Dust2\BBomb\SetAISW1.cfg", "CSGO cfg", 0, 1, 0, 0, 0, 0, 0, 0, 1
"d:\Program Files (x86)\Steam\steamapps\common\Counter-Strike Global Offensive\game\csgo\cfg\CSRM\Grenade\Dust2\BBomb\SetAISW2.cfg", "CSGO cfg", 0, 1, 0, 0, 0, 0, 0, 0, 1
"d:\Program Files (x86)\Steam\steamapps\common\Counter-Strike Global Offensive\game\csgo\cfg\CSRM\Grenade\Dust2\FastMid\RadioInfo1CMD.cfg", "CSGO cfg", 0, 11, 0, 0, 0, 0, 0, 1, 12
"d:\Program Files (x86)\Steam\steamapps\common\Counter-Strike Global Offensive\game\csgo\cfg\CSRM\Grenade\Dust2\FastMid\RadioInfo1Text.cfg", "CSGO cfg", 0, 8, 0, 0, 0, 0, 0, 1, 9
"d:\Program Files (x86)\Steam\steamapps\common\Counter-Strike Global Offensive\game\csgo\cfg\CSRM\Grenade\Dust2\OutMid\RadioInfo1CMD.cfg", "CSGO cfg", 0, 10, 0, 0, 0, 0, 0, 1, 11
"d:\Program Files (x86)\Steam\steamapps\common\Counter-Strike Global Offensive\game\csgo\cfg\CSRM\Grenade\Dust2\OutMid\RadioInfo1Text.cfg", "CSGO cfg", 0, 8, 0, 0, 0, 0, 0, 1, 9
"d:\Program Files (x86)\Steam\steamapps\common\Counter-Strike Global Offensive\game\csgo\cfg\CSRM\Grenade\Dust2\RadioCate1CMD.cfg", "CSGO cfg", 0, 8, 0, 0, 0, 0, 0, 0, 8
"d:\Program Files (x86)\Steam\steamapps\common\Counter-Strike Global Offensive\game\csgo\cfg\CSRM\Grenade\Dust2\RadioCate1Text.cfg", "CSGO cfg", 0, 8, 0, 0, 0, 0, 0, 1, 9
"d:\Program Files (x86)\Steam\steamapps\common\Counter-Strike Global Offensive\game\csgo\cfg\CSRM\Grenade\Dust2\RadioCate2CMD.cfg", "CSGO cfg", 0, 8, 0, 0, 0, 0, 0, 0, 8
"d:\Program Files (x86)\Steam\steamapps\common\Counter-Strike Global Offensive\game\csgo\cfg\CSRM\Grenade\Dust2\RadioCate2Text.cfg", "CSGO cfg", 0, 8, 0, 0, 0, 0, 0, 1, 9
"d:\Program Files (x86)\Steam\steamapps\common\Counter-Strike Global Offensive\game\csgo\cfg\CSRM\Grenade\Dust2\RadioCate3CMD.cfg", "CSGO cfg", 0, 8, 0, 0, 0, 0, 0, 0, 8
"d:\Program Files (x86)\Steam\steamapps\common\Counter-Strike Global Offensive\game\csgo\cfg\CSRM\Grenade\Dust2\RadioCate3Text.cfg", "CSGO cfg", 0, 8, 0, 0, 0, 0, 0, 1, 9
"d:\Program Files (x86)\Steam\steamapps\common\Counter-Strike Global Offensive\game\csgo\cfg\CSRM\Grenade\GrenadeMain.cfg", "CSGO cfg", 0, 67, 0, 0, 0, 0, 0, 13, 80
"d:\Program Files (x86)\Steam\steamapps\common\Counter-Strike Global Offensive\game\csgo\cfg\CSRM\Grenade\GrenadeRegedit.cfg", "CSGO cfg", 0, 31, 0, 0, 0, 0, 0, 3, 34
"d:\Program Files (x86)\Steam\steamapps\common\Counter-Strike Global Offensive\game\csgo\cfg\CSRM\Grenade\GrenadeRegedit_Relative.cfg", "CSGO cfg", 0, 26, 0, 0, 0, 0, 1, 4, 31
"d:\Program Files (x86)\Steam\steamapps\common\Counter-Strike Global Offensive\game\csgo\cfg\CSRM\Grenade\Inferno\FAZE\RadioInfo1CMD.cfg", "CSGO cfg", 0, 13, 0, 0, 0, 0, 0, 1, 14
"d:\Program Files (x86)\Steam\steamapps\common\Counter-Strike Global Offensive\game\csgo\cfg\CSRM\Grenade\Inferno\FAZE\RadioInfo1Text.cfg", "CSGO cfg", 0, 8, 0, 0, 0, 0, 0, 1, 9
"d:\Program Files (x86)\Steam\steamapps\common\Counter-Strike Global Offensive\game\csgo\cfg\CSRM\Grenade\Inferno\FAZE\RadioInfo2CMD.cfg", "CSGO cfg", 0, 9, 0, 0, 0, 0, 0, 1, 10
"d:\Program Files (x86)\Steam\steamapps\common\Counter-Strike Global Offensive\game\csgo\cfg\CSRM\Grenade\Inferno\FAZE\RadioInfo2Text.cfg", "CSGO cfg", 0, 8, 0, 0, 0, 0, 0, 1, 9
"d:\Program Files (x86)\Steam\steamapps\common\Counter-Strike Global Offensive\game\csgo\cfg\CSRM\Grenade\Inferno\RadioCate1CMD.cfg", "CSGO cfg", 0, 8, 0, 0, 0, 0, 0, 0, 8
"d:\Program Files (x86)\Steam\steamapps\common\Counter-Strike Global Offensive\game\csgo\cfg\CSRM\Grenade\Inferno\RadioCate1Text.cfg", "CSGO cfg", 0, 8, 0, 0, 0, 0, 0, 1, 9
"d:\Program Files (x86)\Steam\steamapps\common\Counter-Strike Global Offensive\game\csgo\cfg\CSRM\Grenade\Inferno\RadioCate2CMD.cfg", "CSGO cfg", 0, 8, 0, 0, 0, 0, 0, 0, 8
"d:\Program Files (x86)\Steam\steamapps\common\Counter-Strike Global Offensive\game\csgo\cfg\CSRM\Grenade\Inferno\RadioCate2Text.cfg", "CSGO cfg", 0, 8, 0, 0, 0, 0, 0, 1, 9
"d:\Program Files (x86)\Steam\steamapps\common\Counter-Strike Global Offensive\game\csgo\cfg\CSRM\Grenade\Inferno\RadioCate3CMD.cfg", "CSGO cfg", 0, 8, 0, 0, 0, 0, 0, 0, 8
"d:\Program Files (x86)\Steam\steamapps\common\Counter-Strike Global Offensive\game\csgo\cfg\CSRM\Grenade\Inferno\RadioCate3Text.cfg", "CSGO cfg", 0, 8, 0, 0, 0, 0, 0, 1, 9
"d:\Program Files (x86)\Steam\steamapps\common\Counter-Strike Global Offensive\game\csgo\cfg\CSRM\Grenade\Inferno\ReABomb\RadioInfo1CMD.cfg", "CSGO cfg", 0, 9, 0, 0, 0, 0, 0, 1, 10
"d:\Program Files (x86)\Steam\steamapps\common\Counter-Strike Global Offensive\game\csgo\cfg\CSRM\Grenade\Inferno\ReABomb\RadioInfo1Text.cfg", "CSGO cfg", 0, 8, 0, 0, 0, 0, 0, 1, 9
"d:\Program Files (x86)\Steam\steamapps\common\Counter-Strike Global Offensive\game\csgo\cfg\CSRM\Grenade\Mirage\Other\RadioInfo1CMD.cfg", "CSGO cfg", 0, 9, 0, 0, 0, 0, 0, 1, 10
"d:\Program Files (x86)\Steam\steamapps\common\Counter-Strike Global Offensive\game\csgo\cfg\CSRM\Grenade\Mirage\Other\RadioInfo1Text.cfg", "CSGO cfg", 0, 8, 0, 0, 0, 0, 0, 1, 9
"d:\Program Files (x86)\Steam\steamapps\common\Counter-Strike Global Offensive\game\csgo\cfg\CSRM\Grenade\Mirage\RadioCate1CMD.cfg", "CSGO cfg", 0, 8, 0, 0, 0, 0, 0, 0, 8
"d:\Program Files (x86)\Steam\steamapps\common\Counter-Strike Global Offensive\game\csgo\cfg\CSRM\Grenade\Mirage\RadioCate1Text.cfg", "CSGO cfg", 0, 8, 0, 0, 0, 0, 0, 1, 9
"d:\Program Files (x86)\Steam\steamapps\common\Counter-Strike Global Offensive\game\csgo\cfg\CSRM\Grenade\Mirage\RadioCate2CMD.cfg", "CSGO cfg", 0, 8, 0, 0, 0, 0, 0, 0, 8
"d:\Program Files (x86)\Steam\steamapps\common\Counter-Strike Global Offensive\game\csgo\cfg\CSRM\Grenade\Mirage\RadioCate2Text.cfg", "CSGO cfg", 0, 8, 0, 0, 0, 0, 0, 1, 9
"d:\Program Files (x86)\Steam\steamapps\common\Counter-Strike Global Offensive\game\csgo\cfg\CSRM\Grenade\Mirage\RadioCate3CMD.cfg", "CSGO cfg", 0, 8, 0, 0, 0, 0, 0, 0, 8
"d:\Program Files (x86)\Steam\steamapps\common\Counter-Strike Global Offensive\game\csgo\cfg\CSRM\Grenade\Mirage\RadioCate3Text.cfg", "CSGO cfg", 0, 8, 0, 0, 0, 0, 0, 1, 9
"d:\Program Files (x86)\Steam\steamapps\common\Counter-Strike Global Offensive\game\csgo\cfg\CSRM\Grenade\Mirage\Tramp\RadioInfo1CMD.cfg", "CSGO cfg", 0, 10, 0, 0, 0, 0, 0, 1, 11
"d:\Program Files (x86)\Steam\steamapps\common\Counter-Strike Global Offensive\game\csgo\cfg\CSRM\Grenade\Mirage\Tramp\RadioInfo1Text.cfg", "CSGO cfg", 0, 8, 0, 0, 0, 0, 0, 1, 9
"d:\Program Files (x86)\Steam\steamapps\common\Counter-Strike Global Offensive\game\csgo\cfg\CSRM\Grenade\Mirage\VIP\RadioInfo1CMD.cfg", "CSGO cfg", 0, 13, 0, 0, 0, 0, 0, 1, 14
"d:\Program Files (x86)\Steam\steamapps\common\Counter-Strike Global Offensive\game\csgo\cfg\CSRM\Grenade\Mirage\VIP\RadioInfo1Text.cfg", "CSGO cfg", 0, 8, 0, 0, 0, 0, 0, 1, 9
"d:\Program Files (x86)\Steam\steamapps\common\Counter-Strike Global Offensive\game\csgo\cfg\CSRM\Grenade\Nuke\RadioCate1CMD.cfg", "CSGO cfg", 0, 8, 0, 0, 0, 0, 0, 0, 8
"d:\Program Files (x86)\Steam\steamapps\common\Counter-Strike Global Offensive\game\csgo\cfg\CSRM\Grenade\Nuke\RadioCate1Text.cfg", "CSGO cfg", 0, 8, 0, 0, 0, 0, 0, 1, 9
"d:\Program Files (x86)\Steam\steamapps\common\Counter-Strike Global Offensive\game\csgo\cfg\CSRM\Grenade\Nuke\RadioCate2CMD.cfg", "CSGO cfg", 0, 8, 0, 0, 0, 0, 0, 0, 8
"d:\Program Files (x86)\Steam\steamapps\common\Counter-Strike Global Offensive\game\csgo\cfg\CSRM\Grenade\Nuke\RadioCate2Text.cfg", "CSGO cfg", 0, 8, 0, 0, 0, 0, 0, 1, 9
"d:\Program Files (x86)\Steam\steamapps\common\Counter-Strike Global Offensive\game\csgo\cfg\CSRM\Grenade\Nuke\RadioCate3CMD.cfg", "CSGO cfg", 0, 8, 0, 0, 0, 0, 0, 0, 8
"d:\Program Files (x86)\Steam\steamapps\common\Counter-Strike Global Offensive\game\csgo\cfg\CSRM\Grenade\Nuke\RadioCate3Text.cfg", "CSGO cfg", 0, 8, 0, 0, 0, 0, 0, 1, 9
"d:\Program Files (x86)\Steam\steamapps\common\Counter-Strike Global Offensive\game\csgo\cfg\CSRM\Grenade\RadioMapChooseCMD.cfg", "CSGO cfg", 0, 9, 0, 0, 0, 0, 0, 0, 9
"d:\Program Files (x86)\Steam\steamapps\common\Counter-Strike Global Offensive\game\csgo\cfg\CSRM\Grenade\RadioMapChooseText.cfg", "CSGO cfg", 0, 8, 0, 0, 0, 0, 0, 1, 9
"d:\Program Files (x86)\Steam\steamapps\common\Counter-Strike Global Offensive\game\csgo\cfg\CSRM\Grenade\Vertigo\RadioCate1CMD.cfg", "CSGO cfg", 0, 8, 0, 0, 0, 0, 0, 0, 8
"d:\Program Files (x86)\Steam\steamapps\common\Counter-Strike Global Offensive\game\csgo\cfg\CSRM\Grenade\Vertigo\RadioCate1Text.cfg", "CSGO cfg", 0, 8, 0, 0, 0, 0, 0, 1, 9
"d:\Program Files (x86)\Steam\steamapps\common\Counter-Strike Global Offensive\game\csgo\cfg\CSRM\Grenade\Vertigo\RadioCate2CMD.cfg", "CSGO cfg", 0, 8, 0, 0, 0, 0, 0, 0, 8
"d:\Program Files (x86)\Steam\steamapps\common\Counter-Strike Global Offensive\game\csgo\cfg\CSRM\Grenade\Vertigo\RadioCate2Text.cfg", "CSGO cfg", 0, 8, 0, 0, 0, 0, 0, 1, 9
"d:\Program Files (x86)\Steam\steamapps\common\Counter-Strike Global Offensive\game\csgo\cfg\CSRM\Grenade\Vertigo\RadioCate3CMD.cfg", "CSGO cfg", 0, 8, 0, 0, 0, 0, 0, 0, 8
"d:\Program Files (x86)\Steam\steamapps\common\Counter-Strike Global Offensive\game\csgo\cfg\CSRM\Grenade\Vertigo\RadioCate3Text.cfg", "CSGO cfg", 0, 8, 0, 0, 0, 0, 0, 1, 9
"d:\Program Files (x86)\Steam\steamapps\common\Counter-Strike Global Offensive\game\csgo\cfg\CSRM\Main.cfg", "CSGO cfg", 0, 6, 0, 0, 0, 0, 0, 0, 6
"d:\Program Files (x86)\Steam\steamapps\common\Counter-Strike Global Offensive\game\csgo\cfg\CSRM\MainDG.cfg", "CSGO cfg", 0, 20, 0, 0, 0, 0, 4, 8, 32
"d:\Program Files (x86)\Steam\steamapps\common\Counter-Strike Global Offensive\game\csgo\cfg\CSRM\MainDT.cfg", "CSGO cfg", 0, 16, 0, 0, 0, 0, 8, 8, 32
"d:\Program Files (x86)\Steam\steamapps\common\Counter-Strike Global Offensive\game\csgo\cfg\CSRM\Preference.cfg", "CSGO cfg", 0, 60, 0, 0, 0, 0, 221, 59, 340
"d:\Program Files (x86)\Steam\steamapps\common\Counter-Strike Global Offensive\game\csgo\cfg\CSRM\README.md", "Markdown", 0, 0, 0, 0, 0, 21, 0, 19, 40
"d:\Program Files (x86)\Steam\steamapps\common\Counter-Strike Global Offensive\game\csgo\cfg\CSRM\Radio\CFGMain1CMD.cfg", "CSGO cfg", 0, 9, 0, 0, 0, 0, 0, 0, 9
"d:\Program Files (x86)\Steam\steamapps\common\Counter-Strike Global Offensive\game\csgo\cfg\CSRM\Radio\CFGMain1Text.cfg", "CSGO cfg", 0, 8, 0, 0, 0, 0, 0, 1, 9
"d:\Program Files (x86)\Steam\steamapps\common\Counter-Strike Global Offensive\game\csgo\cfg\CSRM\Radio\CFGMain2CMD.cfg", "CSGO cfg", 0, 9, 0, 0, 0, 0, 0, 0, 9
"d:\Program Files (x86)\Steam\steamapps\common\Counter-Strike Global Offensive\game\csgo\cfg\CSRM\Radio\CFGMain2Text.cfg", "CSGO cfg", 0, 10, 0, 0, 0, 0, 0, 3, 13
"d:\Program Files (x86)\Steam\steamapps\common\Counter-Strike Global Offensive\game\csgo\cfg\CSRM\Radio\GetCurMap.cfg", "CSGO cfg", 0, 21, 0, 0, 0, 0, 15, 2, 38
"d:\Program Files (x86)\Steam\steamapps\common\Counter-Strike Global Offensive\game\csgo\cfg\CSRM\Radio\MajorOutputController.cfg", "CSGO cfg", 0, 17, 0, 0, 0, 0, 0, 8, 25
"d:\Program Files (x86)\Steam\steamapps\common\Counter-Strike Global Offensive\game\csgo\cfg\CSRM\Radio\RadioDefault.cfg", "CSGO cfg", 0, 25, 0, 0, 0, 0, 0, 0, 25
"d:\Program Files (x86)\Steam\steamapps\common\Counter-Strike Global Offensive\game\csgo\cfg\CSRM\Radio\RadioMain.cfg", "CSGO cfg", 0, 40, 0, 0, 0, 0, 6, 12, 58
"d:\Program Files (x86)\Steam\steamapps\common\Counter-Strike Global Offensive\game\csgo\cfg\CSRM\Resets\AddonReset.cfg", "CSGO cfg", 0, 1, 0, 0, 0, 0, 0, 0, 1
"d:\Program Files (x86)\Steam\steamapps\common\Counter-Strike Global Offensive\game\csgo\cfg\CSRM\Resets\GrenadeReset.cfg", "CSGO cfg", 0, 6, 0, 0, 0, 0, 0, 1, 7
"d:\Program Files (x86)\Steam\steamapps\common\Counter-Strike Global Offensive\game\csgo\cfg\CSRM\Resets\RadioReset.cfg", "CSGO cfg", 0, 3, 0, 0, 0, 0, 0, 2, 5
"d:\Program Files (x86)\Steam\steamapps\common\Counter-Strike Global Offensive\game\csgo\cfg\CSRM\Settings\OutputSettingsList.cfg", "CSGO cfg", 0, 13, 0, 0, 0, 0, 0, 0, 13
"d:\Program Files (x86)\Steam\steamapps\common\Counter-Strike Global Offensive\game\csgo\cfg\CSRM\Settings\RadioInfo1CMD.cfg", "CSGO cfg", 0, 8, 0, 0, 0, 0, 0, 1, 9
"d:\Program Files (x86)\Steam\steamapps\common\Counter-Strike Global Offensive\game\csgo\cfg\CSRM\Settings\RadioInfo1Text.cfg", "CSGO cfg", 0, 14, 0, 0, 0, 0, 0, 4, 18
"d:\Program Files (x86)\Steam\steamapps\common\Counter-Strike Global Offensive\game\csgo\cfg\CSRM\Settings\RadioInfo2CMD.cfg", "CSGO cfg", 0, 8, 0, 0, 0, 0, 0, 1, 9
"d:\Program Files (x86)\Steam\steamapps\common\Counter-Strike Global Offensive\game\csgo\cfg\CSRM\Settings\RadioInfo2Text.cfg", "CSGO cfg", 0, 20, 0, 0, 0, 0, 5, 7, 32
"d:\Program Files (x86)\Steam\steamapps\common\Counter-Strike Global Offensive\game\csgo\cfg\CSRM\Settings\RadioInfo3CMD.cfg", "CSGO cfg", 0, 8, 0, 0, 0, 0, 0, 1, 9
"d:\Program Files (x86)\Steam\steamapps\common\Counter-Strike Global Offensive\game\csgo\cfg\CSRM\Settings\RadioInfo3Text.cfg", "CSGO cfg", 0, 12, 0, 0, 0, 0, 0, 4, 16
"d:\Program Files (x86)\Steam\steamapps\common\Counter-Strike Global Offensive\game\csgo\cfg\CSRM\Ticker\CSRMTicker.cfg", "CSGO cfg", 0, 53, 0, 0, 0, 0, 0, 24, 77
"d:\Program Files (x86)\Steam\steamapps\common\Counter-Strike Global Offensive\game\csgo\cfg\CSRM\Ticker\CSRMTicker1.cfg", "CSGO cfg", 0, 120001, 0, 0, 0, 0, 0, 1, 120002
"d:\Program Files (x86)\Steam\steamapps\common\Counter-Strike Global Offensive\game\csgo\cfg\CSRM\Ticker\CSRMTicker10.cfg", "CSGO cfg", 0, 120010, 0, 0, 0, 0, 0, 1, 120011
"d:\Program Files (x86)\Steam\steamapps\common\Counter-Strike Global Offensive\game\csgo\cfg\CSRM\Ticker\CSRMTicker11.cfg", "CSGO cfg", 0, 120011, 0, 0, 0, 0, 0, 1, 120012
"d:\Program Files (x86)\Steam\steamapps\common\Counter-Strike Global Offensive\game\csgo\cfg\CSRM\Ticker\CSRMTicker12.cfg", "CSGO cfg", 0, 120012, 0, 0, 0, 0, 0, 1, 120013
"d:\Program Files (x86)\Steam\steamapps\common\Counter-Strike Global Offensive\game\csgo\cfg\CSRM\Ticker\CSRMTicker13.cfg", "CSGO cfg", 0, 120013, 0, 0, 0, 0, 0, 1, 120014
"d:\Program Files (x86)\Steam\steamapps\common\Counter-Strike Global Offensive\game\csgo\cfg\CSRM\Ticker\CSRMTicker14.cfg", "CSGO cfg", 0, 120014, 0, 0, 0, 0, 0, 1, 120015
"d:\Program Files (x86)\Steam\steamapps\common\Counter-Strike Global Offensive\game\csgo\cfg\CSRM\Ticker\CSRMTicker15.cfg", "CSGO cfg", 0, 120015, 0, 0, 0, 0, 0, 1, 120016
"d:\Program Files (x86)\Steam\steamapps\common\Counter-Strike Global Offensive\game\csgo\cfg\CSRM\Ticker\CSRMTicker16.cfg", "CSGO cfg", 0, 120016, 0, 0, 0, 0, 0, 1, 120017
"d:\Program Files (x86)\Steam\steamapps\common\Counter-Strike Global Offensive\game\csgo\cfg\CSRM\Ticker\CSRMTicker17.cfg", "CSGO cfg", 0, 120017, 0, 0, 0, 0, 0, 1, 120018
"d:\Program Files (x86)\Steam\steamapps\common\Counter-Strike Global Offensive\game\csgo\cfg\CSRM\Ticker\CSRMTicker18.cfg", "CSGO cfg", 0, 120018, 0, 0, 0, 0, 0, 1, 120019
"d:\Program Files (x86)\Steam\steamapps\common\Counter-Strike Global Offensive\game\csgo\cfg\CSRM\Ticker\CSRMTicker19.cfg", "CSGO cfg", 0, 120019, 0, 0, 0, 0, 0, 1, 120020
"d:\Program Files (x86)\Steam\steamapps\common\Counter-Strike Global Offensive\game\csgo\cfg\CSRM\Ticker\CSRMTicker2.cfg", "CSGO cfg", 0, 120002, 0, 0, 0, 0, 0, 1, 120003
"d:\Program Files (x86)\Steam\steamapps\common\Counter-Strike Global Offensive\game\csgo\cfg\CSRM\Ticker\CSRMTicker20.cfg", "CSGO cfg", 0, 120021, 0, 0, 0, 0, 0, 0, 120021
"d:\Program Files (x86)\Steam\steamapps\common\Counter-Strike Global Offensive\game\csgo\cfg\CSRM\Ticker\CSRMTicker3.cfg", "CSGO cfg", 0, 120003, 0, 0, 0, 0, 0, 1, 120004
"d:\Program Files (x86)\Steam\steamapps\common\Counter-Strike Global Offensive\game\csgo\cfg\CSRM\Ticker\CSRMTicker4.cfg", "CSGO cfg", 0, 120004, 0, 0, 0, 0, 0, 1, 120005
"d:\Program Files (x86)\Steam\steamapps\common\Counter-Strike Global Offensive\game\csgo\cfg\CSRM\Ticker\CSRMTicker5.cfg", "CSGO cfg", 0, 120005, 0, 0, 0, 0, 0, 1, 120006
"d:\Program Files (x86)\Steam\steamapps\common\Counter-Strike Global Offensive\game\csgo\cfg\CSRM\Ticker\CSRMTicker6.cfg", "CSGO cfg", 0, 120006, 0, 0, 0, 0, 0, 1, 120007
"d:\Program Files (x86)\Steam\steamapps\common\Counter-Strike Global Offensive\game\csgo\cfg\CSRM\Ticker\CSRMTicker7.cfg", "CSGO cfg", 0, 120007, 0, 0, 0, 0, 0, 1, 120008
"d:\Program Files (x86)\Steam\steamapps\common\Counter-Strike Global Offensive\game\csgo\cfg\CSRM\Ticker\CSRMTicker8.cfg", "CSGO cfg", 0, 120008, 0, 0, 0, 0, 0, 1, 120009
"d:\Program Files (x86)\Steam\steamapps\common\Counter-Strike Global Offensive\game\csgo\cfg\CSRM\Ticker\CSRMTicker9.cfg", "CSGO cfg", 0, 120009, 0, 0, 0, 0, 0, 1, 120010
"d:\Program Files (x86)\Steam\steamapps\common\Counter-Strike Global Offensive\game\csgo\cfg\CSRM\Ticker\CSRMTickerGen.cpp", "C++", 0, 0, 42, 0, 0, 0, 2, 1, 45
"d:\Program Files (x86)\Steam\steamapps\common\Counter-Strike Global Offensive\game\csgo\cfg\CSRM\install\AutoAddUtility.py", "Python", 0, 0, 0, 0, 191, 0, 14, 35, 240
"d:\Program Files (x86)\Steam\steamapps\common\Counter-Strike Global Offensive\game\csgo\cfg\CSRM\install\CSRM_install.ps1", "PowerShell", 0, 0, 0, 769, 0, 0, 87, 127, 983
"d:\Program Files (x86)\Steam\steamapps\common\Counter-Strike Global Offensive\game\csgo\cfg\CSRM\install\CSRM_install_only_Resource.ps1", "PowerShell", 0, 0, 0, 32, 0, 0, 3, 10, 45
"d:\Program Files (x86)\Steam\steamapps\common\Counter-Strike Global Offensive\game\csgo\cfg\CSRM\install\CSRM_install_withoutwm.ps1", "PowerShell", 0, 0, 0, 757, 0, 0, 87, 124, 968
"d:\Program Files (x86)\Steam\steamapps\common\Counter-Strike Global Offensive\game\csgo\cfg\CSRM\install\CSRM_install_withoutwm_only_Resource.ps1", "PowerShell", 0, 0, 0, 45, 0, 0, 6, 11, 62
"d:\Program Files (x86)\Steam\steamapps\common\Counter-Strike Global Offensive\game\csgo\cfg\CSRM\install\CustomGrenadeRegSource.cpp", "C++", 0, 0, 73, 0, 0, 0, 1, 3, 77
"d:\Program Files (x86)\Steam\steamapps\common\Counter-Strike Global Offensive\game\csgo\cfg\CSRM\install\Key.ps1", "PowerShell", 0, 0, 0, 224, 0, 0, 2, 5, 231
"d:\Program Files (x86)\Steam\steamapps\common\Counter-Strike Global Offensive\game\csgo\cfg\CSRM\install\setfps.ps1", "PowerShell", 0, 0, 0, 51, 0, 0, 7, 13, 71
"d:\Program Files (x86)\Steam\steamapps\common\Counter-Strike Global Offensive\game\csgo\cfg\CSRM\一键CFG安装(或重新设置CFG).bat", "Batch", 72, 0, 0, 0, 0, 0, 6, 13, 91
"d:\Program Files (x86)\Steam\steamapps\common\Counter-Strike Global Offensive\game\csgo\cfg\CSRM\一键应用自定义道具.bat", "Batch", 2, 0, 0, 0, 0, 0, 0, 0, 2
"d:\Program Files (x86)\Steam\steamapps\common\Counter-Strike Global Offensive\game\csgo\cfg\CSRM\一键添加自定义道具(半成品).bat", "Batch", 2, 0, 0, 0, 0, 0, 0, 0, 2
"d:\Program Files (x86)\Steam\steamapps\common\Counter-Strike Global Offensive\game\csgo\cfg\CSRM\如果发现轮盘没字了点我.bat", "Batch", 39, 0, 0, 0, 0, 0, 4, 8, 51
"f:\SteamLibrary\steamapps\common\Counter-Strike Global Offensive\game\csgo\cfg\CSRM\Addon\AddonMain.cfg", "CSGO cfg", 0, -7, 0, 0, 0, 0, 0, -2, -9
"f:\SteamLibrary\steamapps\common\Counter-Strike Global Offensive\game\csgo\cfg\CSRM\Addon\AttackDeDefuse.cfg", "CSGO cfg", 0, -4, 0, 0, 0, 0, 0, -1, -5
"f:\SteamLibrary\steamapps\common\Counter-Strike Global Offensive\game\csgo\cfg\CSRM\Addon\DuckJump.cfg", "CSGO cfg", 0, -4, 0, 0, 0, 0, 0, -3, -7
"f:\SteamLibrary\steamapps\common\Counter-Strike Global Offensive\game\csgo\cfg\CSRM\Addon\FastAttack\GenLis.cpp", "C++", 0, 0, -36, 0, 0, 0, -3, 0, -39
"f:\SteamLibrary\steamapps\common\Counter-Strike Global Offensive\game\csgo\cfg\CSRM\Addon\FastAttack\MouseXListener.cfg", "CSGO cfg", 0, -12, 0, 0, 0, 0, 0, -4, -16
"f:\SteamLibrary\steamapps\common\Counter-Strike Global Offensive\game\csgo\cfg\CSRM\Addon\FastAttack\Temp.cfg", "CSGO cfg", 0, -64, 0, 0, 0, 0, 0, -1, -65
"f:\SteamLibrary\steamapps\common\Counter-Strike Global Offensive\game\csgo\cfg\CSRM\Addon\FastShift\FastShift.cfg", "CSGO cfg", 0, -11, 0, 0, 0, 0, 0, -1, -12
"f:\SteamLibrary\steamapps\common\Counter-Strike Global Offensive\game\csgo\cfg\CSRM\Addon\FastShift\FastShiftController.cfg", "CSGO cfg", 0, -54, 0, 0, 0, 0, 0, -19, -73
"f:\SteamLibrary\steamapps\common\Counter-Strike Global Offensive\game\csgo\cfg\CSRM\Addon\FastShift\MajorGunSwitchController.cfg", "CSGO cfg", 0, -15, 0, 0, 0, 0, 0, 0, -15
"f:\SteamLibrary\steamapps\common\Counter-Strike Global Offensive\game\csgo\cfg\CSRM\Addon\FastShift\RadioInfo1CMD.cfg", "CSGO cfg", 0, -8, 0, 0, 0, 0, 0, -1, -9
"f:\SteamLibrary\steamapps\common\Counter-Strike Global Offensive\game\csgo\cfg\CSRM\Addon\FastShift\RadioInfo1Text.cfg", "CSGO cfg", 0, -8, 0, 0, 0, 0, 0, -1, -9
"f:\SteamLibrary\steamapps\common\Counter-Strike Global Offensive\game\csgo\cfg\CSRM\Addon\IMStop\IMStopDB.cfg", "CSGO cfg", 0, -85, 0, 0, 0, 0, 0, -18, -103
"f:\SteamLibrary\steamapps\common\Counter-Strike Global Offensive\game\csgo\cfg\CSRM\Addon\IMStop\IMStopFull.cfg", "CSGO cfg", 0, -111, 0, 0, 0, 0, 0, -24, -135
"f:\SteamLibrary\steamapps\common\Counter-Strike Global Offensive\game\csgo\cfg\CSRM\Addon\IMStop\IMStopFull1.cfg", "CSGO cfg", 0, -118, 0, 0, 0, 0, 0, -26, -144
"f:\SteamLibrary\steamapps\common\Counter-Strike Global Offensive\game\csgo\cfg\CSRM\Addon\IMStop\IMStopMain.cfg", "CSGO cfg", 0, -56, 0, 0, 0, 0, 0, -14, -70
"f:\SteamLibrary\steamapps\common\Counter-Strike Global Offensive\game\csgo\cfg\CSRM\Addon\IMStop\IMStopNone.cfg", "CSGO cfg", 0, -85, 0, 0, 0, 0, 0, -18, -103
"f:\SteamLibrary\steamapps\common\Counter-Strike Global Offensive\game\csgo\cfg\CSRM\Addon\IMStop\IMStopOld.cfg", "CSGO cfg", 0, -85, 0, 0, 0, 0, 0, -18, -103
"f:\SteamLibrary\steamapps\common\Counter-Strike Global Offensive\game\csgo\cfg\CSRM\Addon\IMStop\IMStopOnlyWS.cfg", "CSGO cfg", 0, -85, 0, 0, 0, 0, 0, -18, -103
"f:\SteamLibrary\steamapps\common\Counter-Strike Global Offensive\game\csgo\cfg\CSRM\Addon\IMStop\IMStopSnapTap.cfg", "CSGO cfg", 0, -85, 0, 0, 0, 0, 0, -18, -103
"f:\SteamLibrary\steamapps\common\Counter-Strike Global Offensive\game\csgo\cfg\CSRM\Addon\IMStop\IMStopWC.cfg", "CSGO cfg", 0, -85, 0, 0, 0, 0, 0, -18, -103
"f:\SteamLibrary\steamapps\common\Counter-Strike Global Offensive\game\csgo\cfg\CSRM\Addon\RegEdit.cfg", "CSGO cfg", 0, -26, 0, 0, 0, 0, 0, -15, -41
"f:\SteamLibrary\steamapps\common\Counter-Strike Global Offensive\game\csgo\cfg\CSRM\Addon\WheelJump.cfg", "CSGO cfg", 0, -15, 0, 0, 0, 0, 0, -5, -20
"f:\SteamLibrary\steamapps\common\Counter-Strike Global Offensive\game\csgo\cfg\CSRM\Addon\WheelJumpDesubtick.cfg", "CSGO cfg", 0, -2, 0, 0, 0, 0, 0, 0, -2
"f:\SteamLibrary\steamapps\common\Counter-Strike Global Offensive\game\csgo\cfg\CSRM\CustomGrenade\CustomGrenadeRegedit.cfg", "CSGO cfg", 0, -2, 0, 0, 0, 0, 0, 0, -2
"f:\SteamLibrary\steamapps\common\Counter-Strike Global Offensive\game\csgo\cfg\CSRM\CustomGrenade\RadioInfo1CMD.cfg", "CSGO cfg", 0, -8, 0, 0, 0, 0, 0, -1, -9
"f:\SteamLibrary\steamapps\common\Counter-Strike Global Offensive\game\csgo\cfg\CSRM\CustomGrenade\RadioInfo1Text.cfg", "CSGO cfg", 0, -8, 0, 0, 0, 0, 0, -1, -9
"f:\SteamLibrary\steamapps\common\Counter-Strike Global Offensive\game\csgo\cfg\CSRM\Grenade\Ancient\RadioCate1CMD.cfg", "CSGO cfg", 0, -8, 0, 0, 0, 0, 0, 0, -8
"f:\SteamLibrary\steamapps\common\Counter-Strike Global Offensive\game\csgo\cfg\CSRM\Grenade\Ancient\RadioCate1Text.cfg", "CSGO cfg", 0, -8, 0, 0, 0, 0, 0, -1, -9
"f:\SteamLibrary\steamapps\common\Counter-Strike Global Offensive\game\csgo\cfg\CSRM\Grenade\Ancient\RadioCate2CMD.cfg", "CSGO cfg", 0, -8, 0, 0, 0, 0, 0, 0, -8
"f:\SteamLibrary\steamapps\common\Counter-Strike Global Offensive\game\csgo\cfg\CSRM\Grenade\Ancient\RadioCate2Text.cfg", "CSGO cfg", 0, -8, 0, 0, 0, 0, 0, -1, -9
"f:\SteamLibrary\steamapps\common\Counter-Strike Global Offensive\game\csgo\cfg\CSRM\Grenade\Ancient\RadioCate3CMD.cfg", "CSGO cfg", 0, -8, 0, 0, 0, 0, 0, 0, -8
"f:\SteamLibrary\steamapps\common\Counter-Strike Global Offensive\game\csgo\cfg\CSRM\Grenade\Ancient\RadioCate3Text.cfg", "CSGO cfg", 0, -8, 0, 0, 0, 0, 0, -1, -9
"f:\SteamLibrary\steamapps\common\Counter-Strike Global Offensive\game\csgo\cfg\CSRM\Grenade\Anubis\RadioCate1CMD.cfg", "CSGO cfg", 0, -8, 0, 0, 0, 0, 0, 0, -8
"f:\SteamLibrary\steamapps\common\Counter-Strike Global Offensive\game\csgo\cfg\CSRM\Grenade\Anubis\RadioCate1Text.cfg", "CSGO cfg", 0, -8, 0, 0, 0, 0, 0, -1, -9
"f:\SteamLibrary\steamapps\common\Counter-Strike Global Offensive\game\csgo\cfg\CSRM\Grenade\Anubis\RadioCate2CMD.cfg", "CSGO cfg", 0, -8, 0, 0, 0, 0, 0, 0, -8
"f:\SteamLibrary\steamapps\common\Counter-Strike Global Offensive\game\csgo\cfg\CSRM\Grenade\Anubis\RadioCate2Text.cfg", "CSGO cfg", 0, -8, 0, 0, 0, 0, 0, -1, -9
"f:\SteamLibrary\steamapps\common\Counter-Strike Global Offensive\game\csgo\cfg\CSRM\Grenade\Anubis\RadioCate3CMD.cfg", "CSGO cfg", 0, -8, 0, 0, 0, 0, 0, 0, -8
"f:\SteamLibrary\steamapps\common\Counter-Strike Global Offensive\game\csgo\cfg\CSRM\Grenade\Anubis\RadioCate3Text.cfg", "CSGO cfg", 0, -8, 0, 0, 0, 0, 0, -1, -9
"f:\SteamLibrary\steamapps\common\Counter-Strike Global Offensive\game\csgo\cfg\CSRM\Grenade\Dust2\AShort\RadioInfo1CMD.cfg", "CSGO cfg", 0, -10, 0, 0, 0, 0, 0, -1, -11
"f:\SteamLibrary\steamapps\common\Counter-Strike Global Offensive\game\csgo\cfg\CSRM\Grenade\Dust2\AShort\RadioInfo1Text.cfg", "CSGO cfg", 0, -8, 0, 0, 0, 0, 0, -1, -9
"f:\SteamLibrary\steamapps\common\Counter-Strike Global Offensive\game\csgo\cfg\CSRM\Grenade\Dust2\AShort\SetAISW1.cfg", "CSGO cfg", 0, -1, 0, 0, 0, 0, 0, 0, -1
"f:\SteamLibrary\steamapps\common\Counter-Strike Global Offensive\game\csgo\cfg\CSRM\Grenade\Dust2\BBomb\RadioInfo1CMD.cfg", "CSGO cfg", 0, -11, 0, 0, 0, 0, 0, -1, -12
"f:\SteamLibrary\steamapps\common\Counter-Strike Global Offensive\game\csgo\cfg\CSRM\Grenade\Dust2\BBomb\RadioInfo1Text.cfg", "CSGO cfg", 0, -8, 0, 0, 0, 0, 0, -1, -9
"f:\SteamLibrary\steamapps\common\Counter-Strike Global Offensive\game\csgo\cfg\CSRM\Grenade\Dust2\BBomb\SetAISW1.cfg", "CSGO cfg", 0, -1, 0, 0, 0, 0, 0, 0, -1
"f:\SteamLibrary\steamapps\common\Counter-Strike Global Offensive\game\csgo\cfg\CSRM\Grenade\Dust2\BBomb\SetAISW2.cfg", "CSGO cfg", 0, -1, 0, 0, 0, 0, 0, 0, -1
"f:\SteamLibrary\steamapps\common\Counter-Strike Global Offensive\game\csgo\cfg\CSRM\Grenade\Dust2\FastMid\RadioInfo1CMD.cfg", "CSGO cfg", 0, -11, 0, 0, 0, 0, 0, -1, -12
"f:\SteamLibrary\steamapps\common\Counter-Strike Global Offensive\game\csgo\cfg\CSRM\Grenade\Dust2\FastMid\RadioInfo1Text.cfg", "CSGO cfg", 0, -8, 0, 0, 0, 0, 0, -1, -9
"f:\SteamLibrary\steamapps\common\Counter-Strike Global Offensive\game\csgo\cfg\CSRM\Grenade\Dust2\OutMid\RadioInfo1CMD.cfg", "CSGO cfg", 0, -10, 0, 0, 0, 0, 0, -1, -11
"f:\SteamLibrary\steamapps\common\Counter-Strike Global Offensive\game\csgo\cfg\CSRM\Grenade\Dust2\OutMid\RadioInfo1Text.cfg", "CSGO cfg", 0, -8, 0, 0, 0, 0, 0, -1, -9
"f:\SteamLibrary\steamapps\common\Counter-Strike Global Offensive\game\csgo\cfg\CSRM\Grenade\Dust2\RadioCate1CMD.cfg", "CSGO cfg", 0, -8, 0, 0, 0, 0, 0, 0, -8
"f:\SteamLibrary\steamapps\common\Counter-Strike Global Offensive\game\csgo\cfg\CSRM\Grenade\Dust2\RadioCate1Text.cfg", "CSGO cfg", 0, -8, 0, 0, 0, 0, 0, -1, -9
"f:\SteamLibrary\steamapps\common\Counter-Strike Global Offensive\game\csgo\cfg\CSRM\Grenade\Dust2\RadioCate2CMD.cfg", "CSGO cfg", 0, -8, 0, 0, 0, 0, 0, 0, -8
"f:\SteamLibrary\steamapps\common\Counter-Strike Global Offensive\game\csgo\cfg\CSRM\Grenade\Dust2\RadioCate2Text.cfg", "CSGO cfg", 0, -8, 0, 0, 0, 0, 0, -1, -9
"f:\SteamLibrary\steamapps\common\Counter-Strike Global Offensive\game\csgo\cfg\CSRM\Grenade\Dust2\RadioCate3CMD.cfg", "CSGO cfg", 0, -8, 0, 0, 0, 0, 0, 0, -8
"f:\SteamLibrary\steamapps\common\Counter-Strike Global Offensive\game\csgo\cfg\CSRM\Grenade\Dust2\RadioCate3Text.cfg", "CSGO cfg", 0, -8, 0, 0, 0, 0, 0, -1, -9
"f:\SteamLibrary\steamapps\common\Counter-Strike Global Offensive\game\csgo\cfg\CSRM\Grenade\GrenadeMain.cfg", "CSGO cfg", 0, -33, 0, 0, 0, 0, -3, -10, -46
"f:\SteamLibrary\steamapps\common\Counter-Strike Global Offensive\game\csgo\cfg\CSRM\Grenade\GrenadeRegedit.cfg", "CSGO cfg", 0, -26, 0, 0, 0, 0, 0, -3, -29
"f:\SteamLibrary\steamapps\common\Counter-Strike Global Offensive\game\csgo\cfg\CSRM\Grenade\GrenadeRegedit_Relative.cfg", "CSGO cfg", 0, -26, 0, 0, 0, 0, -1, -4, -31
"f:\SteamLibrary\steamapps\common\Counter-Strike Global Offensive\game\csgo\cfg\CSRM\Grenade\Inferno\FAZE\RadioInfo1CMD.cfg", "CSGO cfg", 0, -13, 0, 0, 0, 0, 0, -1, -14
"f:\SteamLibrary\steamapps\common\Counter-Strike Global Offensive\game\csgo\cfg\CSRM\Grenade\Inferno\FAZE\RadioInfo1Text.cfg", "CSGO cfg", 0, -8, 0, 0, 0, 0, 0, -1, -9
"f:\SteamLibrary\steamapps\common\Counter-Strike Global Offensive\game\csgo\cfg\CSRM\Grenade\Inferno\FAZE\RadioInfo2CMD.cfg", "CSGO cfg", 0, -9, 0, 0, 0, 0, 0, -1, -10
"f:\SteamLibrary\steamapps\common\Counter-Strike Global Offensive\game\csgo\cfg\CSRM\Grenade\Inferno\FAZE\RadioInfo2Text.cfg", "CSGO cfg", 0, -8, 0, 0, 0, 0, 0, -1, -9
"f:\SteamLibrary\steamapps\common\Counter-Strike Global Offensive\game\csgo\cfg\CSRM\Grenade\Inferno\RadioCate1CMD.cfg", "CSGO cfg", 0, -8, 0, 0, 0, 0, 0, 0, -8
"f:\SteamLibrary\steamapps\common\Counter-Strike Global Offensive\game\csgo\cfg\CSRM\Grenade\Inferno\RadioCate1Text.cfg", "CSGO cfg", 0, -8, 0, 0, 0, 0, 0, -1, -9
"f:\SteamLibrary\steamapps\common\Counter-Strike Global Offensive\game\csgo\cfg\CSRM\Grenade\Inferno\RadioCate2CMD.cfg", "CSGO cfg", 0, -8, 0, 0, 0, 0, 0, 0, -8
"f:\SteamLibrary\steamapps\common\Counter-Strike Global Offensive\game\csgo\cfg\CSRM\Grenade\Inferno\RadioCate2Text.cfg", "CSGO cfg", 0, -8, 0, 0, 0, 0, 0, -1, -9
"f:\SteamLibrary\steamapps\common\Counter-Strike Global Offensive\game\csgo\cfg\CSRM\Grenade\Inferno\RadioCate3CMD.cfg", "CSGO cfg", 0, -8, 0, 0, 0, 0, 0, 0, -8
"f:\SteamLibrary\steamapps\common\Counter-Strike Global Offensive\game\csgo\cfg\CSRM\Grenade\Inferno\RadioCate3Text.cfg", "CSGO cfg", 0, -8, 0, 0, 0, 0, 0, -1, -9
"f:\SteamLibrary\steamapps\common\Counter-Strike Global Offensive\game\csgo\cfg\CSRM\Grenade\Inferno\ReABomb\RadioInfo1CMD.cfg", "CSGO cfg", 0, -9, 0, 0, 0, 0, 0, -1, -10
"f:\SteamLibrary\steamapps\common\Counter-Strike Global Offensive\game\csgo\cfg\CSRM\Grenade\Inferno\ReABomb\RadioInfo1Text.cfg", "CSGO cfg", 0, -8, 0, 0, 0, 0, 0, -1, -9
"f:\SteamLibrary\steamapps\common\Counter-Strike Global Offensive\game\csgo\cfg\CSRM\Grenade\Mirage\Other\RadioInfo1CMD.cfg", "CSGO cfg", 0, -9, 0, 0, 0, 0, 0, -1, -10
"f:\SteamLibrary\steamapps\common\Counter-Strike Global Offensive\game\csgo\cfg\CSRM\Grenade\Mirage\Other\RadioInfo1Text.cfg", "CSGO cfg", 0, -8, 0, 0, 0, 0, 0, -1, -9
"f:\SteamLibrary\steamapps\common\Counter-Strike Global Offensive\game\csgo\cfg\CSRM\Grenade\Mirage\RadioCate1CMD.cfg", "CSGO cfg", 0, -8, 0, 0, 0, 0, 0, 0, -8
"f:\SteamLibrary\steamapps\common\Counter-Strike Global Offensive\game\csgo\cfg\CSRM\Grenade\Mirage\RadioCate1Text.cfg", "CSGO cfg", 0, -8, 0, 0, 0, 0, 0, -1, -9
"f:\SteamLibrary\steamapps\common\Counter-Strike Global Offensive\game\csgo\cfg\CSRM\Grenade\Mirage\RadioCate2CMD.cfg", "CSGO cfg", 0, -8, 0, 0, 0, 0, 0, 0, -8
"f:\SteamLibrary\steamapps\common\Counter-Strike Global Offensive\game\csgo\cfg\CSRM\Grenade\Mirage\RadioCate2Text.cfg", "CSGO cfg", 0, -8, 0, 0, 0, 0, 0, -1, -9
"f:\SteamLibrary\steamapps\common\Counter-Strike Global Offensive\game\csgo\cfg\CSRM\Grenade\Mirage\RadioCate3CMD.cfg", "CSGO cfg", 0, -8, 0, 0, 0, 0, 0, 0, -8
"f:\SteamLibrary\steamapps\common\Counter-Strike Global Offensive\game\csgo\cfg\CSRM\Grenade\Mirage\RadioCate3Text.cfg", "CSGO cfg", 0, -8, 0, 0, 0, 0, 0, -1, -9
"f:\SteamLibrary\steamapps\common\Counter-Strike Global Offensive\game\csgo\cfg\CSRM\Grenade\Mirage\Tramp\RadioInfo1CMD.cfg", "CSGO cfg", 0, -10, 0, 0, 0, 0, 0, -1, -11
"f:\SteamLibrary\steamapps\common\Counter-Strike Global Offensive\game\csgo\cfg\CSRM\Grenade\Mirage\Tramp\RadioInfo1Text.cfg", "CSGO cfg", 0, -8, 0, 0, 0, 0, 0, -1, -9
"f:\SteamLibrary\steamapps\common\Counter-Strike Global Offensive\game\csgo\cfg\CSRM\Grenade\Mirage\VIP\RadioInfo1CMD.cfg", "CSGO cfg", 0, -13, 0, 0, 0, 0, 0, -1, -14
"f:\SteamLibrary\steamapps\common\Counter-Strike Global Offensive\game\csgo\cfg\CSRM\Grenade\Mirage\VIP\RadioInfo1Text.cfg", "CSGO cfg", 0, -8, 0, 0, 0, 0, 0, -1, -9
"f:\SteamLibrary\steamapps\common\Counter-Strike Global Offensive\game\csgo\cfg\CSRM\Grenade\Nuke\RadioCate1CMD.cfg", "CSGO cfg", 0, -8, 0, 0, 0, 0, 0, 0, -8
"f:\SteamLibrary\steamapps\common\Counter-Strike Global Offensive\game\csgo\cfg\CSRM\Grenade\Nuke\RadioCate1Text.cfg", "CSGO cfg", 0, -8, 0, 0, 0, 0, 0, -1, -9
"f:\SteamLibrary\steamapps\common\Counter-Strike Global Offensive\game\csgo\cfg\CSRM\Grenade\Nuke\RadioCate2CMD.cfg", "CSGO cfg", 0, -8, 0, 0, 0, 0, 0, 0, -8
"f:\SteamLibrary\steamapps\common\Counter-Strike Global Offensive\game\csgo\cfg\CSRM\Grenade\Nuke\RadioCate2Text.cfg", "CSGO cfg", 0, -8, 0, 0, 0, 0, 0, -1, -9
"f:\SteamLibrary\steamapps\common\Counter-Strike Global Offensive\game\csgo\cfg\CSRM\Grenade\Nuke\RadioCate3CMD.cfg", "CSGO cfg", 0, -8, 0, 0, 0, 0, 0, 0, -8
"f:\SteamLibrary\steamapps\common\Counter-Strike Global Offensive\game\csgo\cfg\CSRM\Grenade\Nuke\RadioCate3Text.cfg", "CSGO cfg", 0, -8, 0, 0, 0, 0, 0, -1, -9
"f:\SteamLibrary\steamapps\common\Counter-Strike Global Offensive\game\csgo\cfg\CSRM\Grenade\RadioMapChooseCMD.cfg", "CSGO cfg", 0, -9, 0, 0, 0, 0, 0, 0, -9
"f:\SteamLibrary\steamapps\common\Counter-Strike Global Offensive\game\csgo\cfg\CSRM\Grenade\RadioMapChooseText.cfg", "CSGO cfg", 0, -8, 0, 0, 0, 0, 0, -1, -9
"f:\SteamLibrary\steamapps\common\Counter-Strike Global Offensive\game\csgo\cfg\CSRM\Grenade\Vertigo\RadioCate1CMD.cfg", "CSGO cfg", 0, -8, 0, 0, 0, 0, 0, 0, -8
"f:\SteamLibrary\steamapps\common\Counter-Strike Global Offensive\game\csgo\cfg\CSRM\Grenade\Vertigo\RadioCate1Text.cfg", "CSGO cfg", 0, -8, 0, 0, 0, 0, 0, -1, -9
"f:\SteamLibrary\steamapps\common\Counter-Strike Global Offensive\game\csgo\cfg\CSRM\Grenade\Vertigo\RadioCate2CMD.cfg", "CSGO cfg", 0, -8, 0, 0, 0, 0, 0, 0, -8
"f:\SteamLibrary\steamapps\common\Counter-Strike Global Offensive\game\csgo\cfg\CSRM\Grenade\Vertigo\RadioCate2Text.cfg", "CSGO cfg", 0, -8, 0, 0, 0, 0, 0, -1, -9
"f:\SteamLibrary\steamapps\common\Counter-Strike Global Offensive\game\csgo\cfg\CSRM\Grenade\Vertigo\RadioCate3CMD.cfg", "CSGO cfg", 0, -8, 0, 0, 0, 0, 0, 0, -8
"f:\SteamLibrary\steamapps\common\Counter-Strike Global Offensive\game\csgo\cfg\CSRM\Grenade\Vertigo\RadioCate3Text.cfg", "CSGO cfg", 0, -8, 0, 0, 0, 0, 0, -1, -9
"f:\SteamLibrary\steamapps\common\Counter-Strike Global Offensive\game\csgo\cfg\CSRM\Main.cfg", "CSGO cfg", 0, -15, 0, 0, 0, 0, 0, -6, -21
"f:\SteamLibrary\steamapps\common\Counter-Strike Global Offensive\game\csgo\cfg\CSRM\Preference.cfg", "CSGO cfg", 0, -43, 0, 0, 0, 0, -127, -37, -207
"f:\SteamLibrary\steamapps\common\Counter-Strike Global Offensive\game\csgo\cfg\CSRM\README.md", "Markdown", 0, 0, 0, 0, 0, -21, 0, -19, -40
"f:\SteamLibrary\steamapps\common\Counter-Strike Global Offensive\game\csgo\cfg\CSRM\Radio\CFGMain1CMD.cfg", "CSGO cfg", 0, -9, 0, 0, 0, 0, 0, 0, -9
"f:\SteamLibrary\steamapps\common\Counter-Strike Global Offensive\game\csgo\cfg\CSRM\Radio\CFGMain1Text.cfg", "CSGO cfg", 0, -8, 0, 0, 0, 0, 0, -1, -9
"f:\SteamLibrary\steamapps\common\Counter-Strike Global Offensive\game\csgo\cfg\CSRM\Radio\MajorOutputController.cfg", "CSGO cfg", 0, -9, 0, 0, 0, 0, 0, -5, -14
"f:\SteamLibrary\steamapps\common\Counter-Strike Global Offensive\game\csgo\cfg\CSRM\Radio\RadioDefault.cfg", "CSGO cfg", 0, -25, 0, 0, 0, 0, 0, 0, -25
"f:\SteamLibrary\steamapps\common\Counter-Strike Global Offensive\game\csgo\cfg\CSRM\Radio\RadioMain.cfg", "CSGO cfg", 0, -22, 0, 0, 0, 0, 0, -6, -28
"f:\SteamLibrary\steamapps\common\Counter-Strike Global Offensive\game\csgo\cfg\CSRM\Resets\AddonReset.cfg", "CSGO cfg", 0, -1, 0, 0, 0, 0, 0, 0, -1
"f:\SteamLibrary\steamapps\common\Counter-Strike Global Offensive\game\csgo\cfg\CSRM\Resets\GrenadeReset.cfg", "CSGO cfg", 0, -6, 0, 0, 0, 0, 0, -1, -7
"f:\SteamLibrary\steamapps\common\Counter-Strike Global Offensive\game\csgo\cfg\CSRM\Resets\RadioReset.cfg", "CSGO cfg", 0, -3, 0, 0, 0, 0, 0, -2, -5
"f:\SteamLibrary\steamapps\common\Counter-Strike Global Offensive\game\csgo\cfg\CSRM\Settings\OutputSettingsList.cfg", "CSGO cfg", 0, -9, 0, 0, 0, 0, 0, 0, -9
"f:\SteamLibrary\steamapps\common\Counter-Strike Global Offensive\game\csgo\cfg\CSRM\Settings\RadioInfo1CMD.cfg", "CSGO cfg", 0, -8, 0, 0, 0, 0, 0, -1, -9
"f:\SteamLibrary\steamapps\common\Counter-Strike Global Offensive\game\csgo\cfg\CSRM\Settings\RadioInfo1Text.cfg", "CSGO cfg", 0, -14, 0, 0, 0, 0, 0, -4, -18
"f:\SteamLibrary\steamapps\common\Counter-Strike Global Offensive\game\csgo\cfg\CSRM\Settings\RadioInfo2CMD.cfg", "CSGO cfg", 0, -8, 0, 0, 0, 0, 0, -1, -9
"f:\SteamLibrary\steamapps\common\Counter-Strike Global Offensive\game\csgo\cfg\CSRM\Settings\RadioInfo2Text.cfg", "CSGO cfg", 0, -20, 0, 0, 0, 0, 0, -5, -25
"f:\SteamLibrary\steamapps\common\Counter-Strike Global Offensive\game\csgo\cfg\CSRM\Settings\RadioInfo3CMD.cfg", "CSGO cfg", 0, -8, 0, 0, 0, 0, 0, -1, -9
"f:\SteamLibrary\steamapps\common\Counter-Strike Global Offensive\game\csgo\cfg\CSRM\Settings\RadioInfo3Text.cfg", "CSGO cfg", 0, -8, 0, 0, 0, 0, 0, -1, -9
"f:\SteamLibrary\steamapps\common\Counter-Strike Global Offensive\game\csgo\cfg\CSRM\一键添加自定义道具(半成品).cpp", "C++", 0, 0, -71, 0, 0, 0, -1, -3, -75
"Total", "-", 115, 7001823, 86, 2027, 191, 0, 553, 789, 7005584