{"file:///d%3A/Program%20Files%20%28x86%29/Steam/steamapps/common/Counter-Strike%20Global%20Offensive/game/csgo/cfg/CSRM/%E4%B8%80%E9%94%AE%E6%B7%BB%E5%8A%A0%E8%87%AA%E5%AE%9A%E4%B9%89%E9%81%93%E5%85%B7%28%E5%8D%8A%E6%88%90%E5%93%81%29.bat":{"language":"Batch","code":2,"comment":0,"blank":0},"file:///d%3A/Program%20Files%20%28x86%29/Steam/steamapps/common/Counter-Strike%20Global%20Offensive/game/csgo/cfg/CSRM/%E4%B8%80%E9%94%AE%E5%BA%94%E7%94%A8%E8%87%AA%E5%AE%9A%E4%B9%89%E9%81%93%E5%85%B7.bat":{"language":"Batch","code":2,"comment":0,"blank":0},"file:///d%3A/Program%20Files%20%28x86%29/Steam/steamapps/common/Counter-Strike%20Global%20Offensive/game/csgo/cfg/CSRM/%E5%A6%82%E6%9E%9C%E5%8F%91%E7%8E%B0%E8%BD%AE%E7%9B%98%E6%B2%A1%E5%AD%97%E4%BA%86%E7%82%B9%E6%88%91.bat":{"language":"Batch","code":39,"comment":4,"blank":8},"file:///d%3A/Program%20Files%20%28x86%29/Steam/steamapps/common/Counter-Strike%20Global%20Offensive/game/csgo/cfg/CSRM/Settings/RadioInfo3Text.cfg":{"language":"CSGO cfg","code":12,"comment":0,"blank":4},"file:///d%3A/Program%20Files%20%28x86%29/Steam/steamapps/common/Counter-Strike%20Global%20Offensive/game/csgo/cfg/CSRM/%E4%B8%80%E9%94%AECFG%E5%AE%89%E8%A3%85%28%E6%88%96%E9%87%8D%E6%96%B0%E8%AE%BE%E7%BD%AECFG%29.bat":{"language":"Batch","code":72,"comment":6,"blank":13},"file:///d%3A/Program%20Files%20%28x86%29/Steam/steamapps/common/Counter-Strike%20Global%20Offensive/game/csgo/cfg/CSRM/install/CustomGrenadeRegSource.cpp":{"language":"C++","code":73,"comment":1,"blank":3},"file:///d%3A/Program%20Files%20%28x86%29/Steam/steamapps/common/Counter-Strike%20Global%20Offensive/game/csgo/cfg/CSRM/install/CSRM_install_withoutwm_only_Resource.ps1":{"language":"PowerShell","code":45,"comment":6,"blank":11},"file:///d%3A/Program%20Files%20%28x86%29/Steam/steamapps/common/Counter-Strike%20Global%20Offensive/game/csgo/cfg/CSRM/Settings/RadioInfo3CMD.cfg":{"language":"CSGO cfg","code":8,"comment":0,"blank":1},"file:///d%3A/Program%20Files%20%28x86%29/Steam/steamapps/common/Counter-Strike%20Global%20Offensive/game/csgo/cfg/CSRM/Settings/RadioInfo2Text.cfg":{"language":"CSGO cfg","code":20,"comment":5,"blank":7},"file:///d%3A/Program%20Files%20%28x86%29/Steam/steamapps/common/Counter-Strike%20Global%20Offensive/game/csgo/cfg/CSRM/Radio/RadioMain.cfg":{"language":"CSGO cfg","code":40,"comment":6,"blank":12},"file:///d%3A/Program%20Files%20%28x86%29/Steam/steamapps/common/Counter-Strike%20Global%20Offensive/game/csgo/cfg/CSRM/install/CSRM_install_withoutwm.ps1":{"language":"PowerShell","code":757,"comment":87,"blank":124},"file:///d%3A/Program%20Files%20%28x86%29/Steam/steamapps/common/Counter-Strike%20Global%20Offensive/game/csgo/cfg/CSRM/Radio/RadioDefault.cfg":{"language":"CSGO cfg","code":25,"comment":0,"blank":0},"file:///d%3A/Program%20Files%20%28x86%29/Steam/steamapps/common/Counter-Strike%20Global%20Offensive/game/csgo/cfg/CSRM/Radio/MajorOutputController.cfg":{"language":"CSGO cfg","code":17,"comment":0,"blank":8},"file:///d%3A/Program%20Files%20%28x86%29/Steam/steamapps/common/Counter-Strike%20Global%20Offensive/game/csgo/cfg/CSRM/Settings/RadioInfo2CMD.cfg":{"language":"CSGO cfg","code":8,"comment":0,"blank":1},"file:///d%3A/Program%20Files%20%28x86%29/Steam/steamapps/common/Counter-Strike%20Global%20Offensive/game/csgo/cfg/CSRM/install/CSRM_install_only_Resource.ps1":{"language":"PowerShell","code":32,"comment":3,"blank":10},"file:///d%3A/Program%20Files%20%28x86%29/Steam/steamapps/common/Counter-Strike%20Global%20Offensive/game/csgo/cfg/CSRM/Radio/CFGMain2Text.cfg":{"language":"CSGO cfg","code":10,"comment":0,"blank":3},"file:///d%3A/Program%20Files%20%28x86%29/Steam/steamapps/common/Counter-Strike%20Global%20Offensive/game/csgo/cfg/CSRM/Radio/GetCurMap.cfg":{"language":"CSGO cfg","code":21,"comment":15,"blank":2},"file:///d%3A/Program%20Files%20%28x86%29/Steam/steamapps/common/Counter-Strike%20Global%20Offensive/game/csgo/cfg/CSRM/Settings/RadioInfo1Text.cfg":{"language":"CSGO cfg","code":14,"comment":0,"blank":4},"file:///d%3A/Program%20Files%20%28x86%29/Steam/steamapps/common/Counter-Strike%20Global%20Offensive/game/csgo/cfg/CSRM/install/Key.ps1":{"language":"PowerShell","code":224,"comment":2,"blank":5},"file:///d%3A/Program%20Files%20%28x86%29/Steam/steamapps/common/Counter-Strike%20Global%20Offensive/game/csgo/cfg/CSRM/Ticker/CSRMTicker.cfg":{"language":"CSGO cfg","code":53,"comment":0,"blank":24},"file:///d%3A/Program%20Files%20%28x86%29/Steam/steamapps/common/Counter-Strike%20Global%20Offensive/game/csgo/cfg/CSRM/install/CSRM_install.ps1":{"language":"PowerShell","code":769,"comment":87,"blank":127},"file:///d%3A/Program%20Files%20%28x86%29/Steam/steamapps/common/Counter-Strike%20Global%20Offensive/game/csgo/cfg/CSRM/Radio/CFGMain1Text.cfg":{"language":"CSGO cfg","code":8,"comment":0,"blank":1},"file:///d%3A/Program%20Files%20%28x86%29/Steam/steamapps/common/Counter-Strike%20Global%20Offensive/game/csgo/cfg/CSRM/Settings/OutputSettingsList.cfg":{"language":"CSGO cfg","code":13,"comment":0,"blank":0},"file:///d%3A/Program%20Files%20%28x86%29/Steam/steamapps/common/Counter-Strike%20Global%20Offensive/game/csgo/cfg/CSRM/Radio/CFGMain2CMD.cfg":{"language":"CSGO cfg","code":9,"comment":0,"blank":0},"file:///d%3A/Program%20Files%20%28x86%29/Steam/steamapps/common/Counter-Strike%20Global%20Offensive/game/csgo/cfg/CSRM/Settings/RadioInfo1CMD.cfg":{"language":"CSGO cfg","code":8,"comment":0,"blank":1},"file:///d%3A/Program%20Files%20%28x86%29/Steam/steamapps/common/Counter-Strike%20Global%20Offensive/game/csgo/cfg/CSRM/install/AutoAddUtility.py":{"language":"Python","code":191,"comment":14,"blank":35},"file:///d%3A/Program%20Files%20%28x86%29/Steam/steamapps/common/Counter-Strike%20Global%20Offensive/game/csgo/cfg/CSRM/Radio/CFGMain1CMD.cfg":{"language":"CSGO cfg","code":9,"comment":0,"blank":0},"file:///d%3A/Program%20Files%20%28x86%29/Steam/steamapps/common/Counter-Strike%20Global%20Offensive/game/csgo/cfg/CSRM/install/setfps.ps1":{"language":"PowerShell","code":51,"comment":7,"blank":13},"file:///d%3A/Program%20Files%20%28x86%29/Steam/steamapps/common/Counter-Strike%20Global%20Offensive/game/csgo/cfg/CSRM/README.md":{"language":"Markdown","code":21,"comment":0,"blank":19},"file:///d%3A/Program%20Files%20%28x86%29/Steam/steamapps/common/Counter-Strike%20Global%20Offensive/game/csgo/cfg/CSRM/MainDT.cfg":{"language":"CSGO cfg","code":16,"comment":8,"blank":8},"file:///d%3A/Program%20Files%20%28x86%29/Steam/steamapps/common/Counter-Strike%20Global%20Offensive/game/csgo/cfg/CSRM/Preference.cfg":{"language":"CSGO cfg","code":60,"comment":221,"blank":59},"file:///d%3A/Program%20Files%20%28x86%29/Steam/steamapps/common/Counter-Strike%20Global%20Offensive/game/csgo/cfg/CSRM/Main.cfg":{"language":"CSGO cfg","code":6,"comment":0,"blank":0},"file:///d%3A/Program%20Files%20%28x86%29/Steam/steamapps/common/Counter-Strike%20Global%20Offensive/game/csgo/cfg/CSRM/Ticker/CSRMTickerGen.cpp":{"language":"C++","code":42,"comment":2,"blank":1},"file:///d%3A/Program%20Files%20%28x86%29/Steam/steamapps/common/Counter-Strike%20Global%20Offensive/game/csgo/cfg/CSRM/MainDG.cfg":{"language":"CSGO cfg","code":20,"comment":4,"blank":8},"file:///d%3A/Program%20Files%20%28x86%29/Steam/steamapps/common/Counter-Strike%20Global%20Offensive/game/csgo/cfg/CSRM/Resets/RadioReset.cfg":{"language":"CSGO cfg","code":3,"comment":0,"blank":2},"file:///d%3A/Program%20Files%20%28x86%29/Steam/steamapps/common/Counter-Strike%20Global%20Offensive/game/csgo/cfg/CSRM/Resets/AddonReset.cfg":{"language":"CSGO cfg","code":1,"comment":0,"blank":0},"file:///d%3A/Program%20Files%20%28x86%29/Steam/steamapps/common/Counter-Strike%20Global%20Offensive/game/csgo/cfg/CSRM/Addon/AddonMain.cfg":{"language":"CSGO cfg","code":11,"comment":0,"blank":1},"file:///d%3A/Program%20Files%20%28x86%29/Steam/steamapps/common/Counter-Strike%20Global%20Offensive/game/csgo/cfg/CSRM/Resets/GrenadeReset.cfg":{"language":"CSGO cfg","code":6,"comment":0,"blank":1},"file:///d%3A/Program%20Files%20%28x86%29/Steam/steamapps/common/Counter-Strike%20Global%20Offensive/game/csgo/cfg/CSRM/CustomGrenade/RadioInfo1CMD.cfg":{"language":"CSGO cfg","code":8,"comment":0,"blank":1},"file:///d%3A/Program%20Files%20%28x86%29/Steam/steamapps/common/Counter-Strike%20Global%20Offensive/game/csgo/cfg/CSRM/Grenade/Vertigo/RadioCate3Text.cfg":{"language":"CSGO cfg","code":8,"comment":0,"blank":1},"file:///d%3A/Program%20Files%20%28x86%29/Steam/steamapps/common/Counter-Strike%20Global%20Offensive/game/csgo/cfg/CSRM/Grenade/Vertigo/RadioCate3CMD.cfg":{"language":"CSGO cfg","code":8,"comment":0,"blank":0},"file:///d%3A/Program%20Files%20%28x86%29/Steam/steamapps/common/Counter-Strike%20Global%20Offensive/game/csgo/cfg/CSRM/Grenade/Vertigo/RadioCate2CMD.cfg":{"language":"CSGO cfg","code":8,"comment":0,"blank":0},"file:///d%3A/Program%20Files%20%28x86%29/Steam/steamapps/common/Counter-Strike%20Global%20Offensive/game/csgo/cfg/CSRM/Addon/CrossHairWork.cfg":{"language":"CSGO cfg","code":35,"comment":10,"blank":16},"file:///d%3A/Program%20Files%20%28x86%29/Steam/steamapps/common/Counter-Strike%20Global%20Offensive/game/csgo/cfg/CSRM/Grenade/Vertigo/RadioCate2Text.cfg":{"language":"CSGO cfg","code":8,"comment":0,"blank":1},"file:///d%3A/Program%20Files%20%28x86%29/Steam/steamapps/common/Counter-Strike%20Global%20Offensive/game/csgo/cfg/CSRM/Grenade/Vertigo/RadioCate1Text.cfg":{"language":"CSGO cfg","code":8,"comment":0,"blank":1},"file:///d%3A/Program%20Files%20%28x86%29/Steam/steamapps/common/Counter-Strike%20Global%20Offensive/game/csgo/cfg/CSRM/Addon/WheelJumpDesubtick.cfg":{"language":"CSGO cfg","code":2,"comment":0,"blank":1},"file:///d%3A/Program%20Files%20%28x86%29/Steam/steamapps/common/Counter-Strike%20Global%20Offensive/game/csgo/cfg/CSRM/Grenade/Vertigo/RadioCate1CMD.cfg":{"language":"CSGO cfg","code":8,"comment":0,"blank":0},"file:///d%3A/Program%20Files%20%28x86%29/Steam/steamapps/common/Counter-Strike%20Global%20Offensive/game/csgo/cfg/CSRM/Addon/RegEdit.cfg":{"language":"CSGO cfg","code":33,"comment":0,"blank":18},"file:///d%3A/Program%20Files%20%28x86%29/Steam/steamapps/common/Counter-Strike%20Global%20Offensive/game/csgo/cfg/CSRM/Addon/WheelJump.cfg":{"language":"CSGO cfg","code":18,"comment":0,"blank":6},"file:///d%3A/Program%20Files%20%28x86%29/Steam/steamapps/common/Counter-Strike%20Global%20Offensive/game/csgo/cfg/CSRM/Addon/PlayerCrossHair.cfg":{"language":"CSGO cfg","code":4,"comment":0,"blank":2},"file:///d%3A/Program%20Files%20%28x86%29/Steam/steamapps/common/Counter-Strike%20Global%20Offensive/game/csgo/cfg/CSRM/Addon/IMStop/IMStopFull.cfg":{"language":"CSGO cfg","code":111,"comment":0,"blank":24},"file:///d%3A/Program%20Files%20%28x86%29/Steam/steamapps/common/Counter-Strike%20Global%20Offensive/game/csgo/cfg/CSRM/Addon/IMStop/IMStopMain.cfg":{"language":"CSGO cfg","code":21,"comment":4,"blank":6},"file:///d%3A/Program%20Files%20%28x86%29/Steam/steamapps/common/Counter-Strike%20Global%20Offensive/game/csgo/cfg/CSRM/Addon/JMove/JMove.cfg":{"language":"CSGO cfg","code":159,"comment":28,"blank":48},"file:///d%3A/Program%20Files%20%28x86%29/Steam/steamapps/common/Counter-Strike%20Global%20Offensive/game/csgo/cfg/CSRM/Addon/IMStop/IMStopOld.cfg":{"language":"CSGO cfg","code":101,"comment":2,"blank":23},"file:///d%3A/Program%20Files%20%28x86%29/Steam/steamapps/common/Counter-Strike%20Global%20Offensive/game/csgo/cfg/CSRM/Addon/IMStop/%E5%8A%A0%E5%AF%86.cpp":{"language":"C++","code":35,"comment":1,"blank":1},"file:///d%3A/Program%20Files%20%28x86%29/Steam/steamapps/common/Counter-Strike%20Global%20Offensive/game/csgo/cfg/CSRM/Addon/IMStop/IMStopNone.cfg":{"language":"CSGO cfg","code":85,"comment":0,"blank":18},"file:///d%3A/Program%20Files%20%28x86%29/Steam/steamapps/common/Counter-Strike%20Global%20Offensive/game/csgo/cfg/CSRM/Addon/IMStop/IMStopDB.cfg":{"language":"CSGO cfg","code":85,"comment":0,"blank":18},"file:///d%3A/Program%20Files%20%28x86%29/Steam/steamapps/common/Counter-Strike%20Global%20Offensive/game/csgo/cfg/CSRM/Addon/IMStop/IMStopWC.cfg":{"language":"CSGO cfg","code":85,"comment":0,"blank":18},"file:///d%3A/Program%20Files%20%28x86%29/Steam/steamapps/common/Counter-Strike%20Global%20Offensive/game/csgo/cfg/CSRM/Addon/IMStop/8DirectionAutoStop.cfg":{"language":"CSGO cfg","code":205,"comment":26,"blank":48},"file:///d%3A/Program%20Files%20%28x86%29/Steam/steamapps/common/Counter-Strike%20Global%20Offensive/game/csgo/cfg/CSRM/Addon/IMStop/IMStopSnapTap.cfg":{"language":"CSGO cfg","code":85,"comment":0,"blank":18},"file:///d%3A/Program%20Files%20%28x86%29/Steam/steamapps/common/Counter-Strike%20Global%20Offensive/game/csgo/cfg/CSRM/Addon/JMove/Gyroscope/RadioInfo1Text.cfg":{"language":"CSGO cfg","code":8,"comment":0,"blank":1},"file:///d%3A/Program%20Files%20%28x86%29/Steam/steamapps/common/Counter-Strike%20Global%20Offensive/game/csgo/cfg/CSRM/Addon/IMStop/jiami.cfg":{"language":"CSGO cfg","code":205,"comment":26,"blank":48},"file:///d%3A/Program%20Files%20%28x86%29/Steam/steamapps/common/Counter-Strike%20Global%20Offensive/game/csgo/cfg/CSRM/Addon/JMove/Gyroscope/RadioInfo1CMD.cfg":{"language":"CSGO cfg","code":9,"comment":0,"blank":0},"file:///d%3A/Program%20Files%20%28x86%29/Steam/steamapps/common/Counter-Strike%20Global%20Offensive/game/csgo/cfg/CSRM/Addon/IMStop/IMStopOnlyWS.cfg":{"language":"CSGO cfg","code":85,"comment":0,"blank":18},"file:///d%3A/Program%20Files%20%28x86%29/Steam/steamapps/common/Counter-Strike%20Global%20Offensive/game/csgo/cfg/CSRM/Addon/JMove/FastShift/RadioInfo1Text.cfg":{"language":"CSGO cfg","code":8,"comment":0,"blank":1},"file:///d%3A/Program%20Files%20%28x86%29/Steam/steamapps/common/Counter-Strike%20Global%20Offensive/game/csgo/cfg/CSRM/Addon/JMove/Gyroscope/Gyroscope.cfg":{"language":"CSGO cfg","code":26,"comment":1,"blank":3},"file:///d%3A/Program%20Files%20%28x86%29/Steam/steamapps/common/Counter-Strike%20Global%20Offensive/game/csgo/cfg/CSRM/Addon/JMove/Eventer.cfg":{"language":"CSGO cfg","code":81,"comment":0,"blank":14},"file:///d%3A/Program%20Files%20%28x86%29/Steam/steamapps/common/Counter-Strike%20Global%20Offensive/game/csgo/cfg/CSRM/Addon/C4Utilities/RadioInfo1CMD.cfg":{"language":"CSGO cfg","code":8,"comment":0,"blank":1},"file:///d%3A/Program%20Files%20%28x86%29/Steam/steamapps/common/Counter-Strike%20Global%20Offensive/game/csgo/cfg/CSRM/Addon/JMove/FastShift/FastShift.cfg":{"language":"CSGO cfg","code":83,"comment":2,"blank":16},"file:///d%3A/Program%20Files%20%28x86%29/Steam/steamapps/common/Counter-Strike%20Global%20Offensive/game/csgo/cfg/CSRM/Addon/C4Utilities/RadioInfo1Text.cfg":{"language":"CSGO cfg","code":12,"comment":0,"blank":5},"file:///d%3A/Program%20Files%20%28x86%29/Steam/steamapps/common/Counter-Strike%20Global%20Offensive/game/csgo/cfg/CSRM/Addon/JMove/FastShift/RadioInfo1CMD.cfg":{"language":"CSGO cfg","code":8,"comment":0,"blank":1},"file:///d%3A/Program%20Files%20%28x86%29/Steam/steamapps/common/Counter-Strike%20Global%20Offensive/game/csgo/cfg/CSRM/Addon/JMove/AutoStop/AutoStopNone.cfg":{"language":"CSGO cfg","code":47,"comment":1,"blank":13},"file:///d%3A/Program%20Files%20%28x86%29/Steam/steamapps/common/Counter-Strike%20Global%20Offensive/game/csgo/cfg/CSRM/Addon/JMove/AutoStop/AutoStopSwitcher.cfg":{"language":"CSGO cfg","code":4,"comment":19,"blank":3},"file:///d%3A/Program%20Files%20%28x86%29/Steam/steamapps/common/Counter-Strike%20Global%20Offensive/game/csgo/cfg/CSRM/Addon/JMove/AutoStop/AutoStopFull.cfg":{"language":"CSGO cfg","code":83,"comment":1,"blank":16},"file:///d%3A/Program%20Files%20%28x86%29/Steam/steamapps/common/Counter-Strike%20Global%20Offensive/game/csgo/cfg/CSRM/Addon/JMove/AutoStop/AutoStopKB.cfg":{"language":"CSGO cfg","code":47,"comment":1,"blank":14},"file:///d%3A/Program%20Files%20%28x86%29/Steam/steamapps/common/Counter-Strike%20Global%20Offensive/game/csgo/cfg/CSRM/Addon/C4Utilities/C4Utilities.cfg":{"language":"CSGO cfg","code":62,"comment":3,"blank":17},"file:///d%3A/Program%20Files%20%28x86%29/Steam/steamapps/common/Counter-Strike%20Global%20Offensive/game/csgo/cfg/CSRM/Addon/DuckJump.cfg":{"language":"CSGO cfg","code":4,"comment":0,"blank":3},"file:///d%3A/Program%20Files%20%28x86%29/Steam/steamapps/common/Counter-Strike%20Global%20Offensive/game/csgo/cfg/CSRM/Addon/C4Utilities/playerchatwheel/C4OnMan.cfg":{"language":"CSGO cfg","code":1,"comment":0,"blank":0},"file:///d%3A/Program%20Files%20%28x86%29/Steam/steamapps/common/Counter-Strike%20Global%20Offensive/game/csgo/cfg/CSRM/Addon/GetCrossHair.ps1":{"language":"PowerShell","code":149,"comment":82,"blank":31},"file:///d%3A/Program%20Files%20%28x86%29/Steam/steamapps/common/Counter-Strike%20Global%20Offensive/game/csgo/cfg/CSRM/Addon/C4Utilities/playerchatwheel/C4Planted.cfg":{"language":"CSGO cfg","code":1,"comment":0,"blank":1},"file:///d%3A/Program%20Files%20%28x86%29/Steam/steamapps/common/Counter-Strike%20Global%20Offensive/game/csgo/cfg/CSRM/Addon/CrossHairWork_Changer.cfg":{"language":"CSGO cfg","code":35,"comment":0,"blank":2},"file:///d%3A/Program%20Files%20%28x86%29/Steam/steamapps/common/Counter-Strike%20Global%20Offensive/game/csgo/cfg/CSRM/Addon/C4Utilities/playerchatwheel/C4OnLand.cfg":{"language":"CSGO cfg","code":1,"comment":0,"blank":0},"file:///d%3A/Program%20Files%20%28x86%29/Steam/steamapps/common/Counter-Strike%20Global%20Offensive/game/csgo/cfg/CSRM/CustomGrenade/RadioInfo1Text.cfg":{"language":"CSGO cfg","code":8,"comment":0,"blank":1},"file:///d%3A/Program%20Files%20%28x86%29/Steam/steamapps/common/Counter-Strike%20Global%20Offensive/game/csgo/cfg/CSRM/Addon/C4Utilities/playerchatwheel/C4InAir.cfg":{"language":"CSGO cfg","code":1,"comment":0,"blank":0},"file:///d%3A/Program%20Files%20%28x86%29/Steam/steamapps/common/Counter-Strike%20Global%20Offensive/game/csgo/cfg/CSRM/Grenade/RadioMapChooseText.cfg":{"language":"CSGO cfg","code":8,"comment":0,"blank":1},"file:///d%3A/Program%20Files%20%28x86%29/Steam/steamapps/common/Counter-Strike%20Global%20Offensive/game/csgo/cfg/CSRM/CustomGrenade/CustomGrenadeRegedit.cfg":{"language":"CSGO cfg","code":1,"comment":0,"blank":1},"file:///d%3A/Program%20Files%20%28x86%29/Steam/steamapps/common/Counter-Strike%20Global%20Offensive/game/csgo/cfg/CSRM/Grenade/Nuke/RadioCate3Text.cfg":{"language":"CSGO cfg","code":8,"comment":0,"blank":1},"file:///d%3A/Program%20Files%20%28x86%29/Steam/steamapps/common/Counter-Strike%20Global%20Offensive/game/csgo/cfg/CSRM/Grenade/Nuke/RadioCate2Text.cfg":{"language":"CSGO cfg","code":8,"comment":0,"blank":1},"file:///d%3A/Program%20Files%20%28x86%29/Steam/steamapps/common/Counter-Strike%20Global%20Offensive/game/csgo/cfg/CSRM/Grenade/Nuke/RadioCate3CMD.cfg":{"language":"CSGO cfg","code":8,"comment":0,"blank":0},"file:///d%3A/Program%20Files%20%28x86%29/Steam/steamapps/common/Counter-Strike%20Global%20Offensive/game/csgo/cfg/CSRM/Addon/AttackDeDefuse.cfg":{"language":"CSGO cfg","code":5,"comment":0,"blank":2},"file:///d%3A/Program%20Files%20%28x86%29/Steam/steamapps/common/Counter-Strike%20Global%20Offensive/game/csgo/cfg/CSRM/Grenade/RadioMapChooseCMD.cfg":{"language":"CSGO cfg","code":9,"comment":0,"blank":0},"file:///d%3A/Program%20Files%20%28x86%29/Steam/steamapps/common/Counter-Strike%20Global%20Offensive/game/csgo/cfg/CSRM/Addon/AutoAttack/AutoAttack.cfg":{"language":"CSGO cfg","code":20,"comment":0,"blank":4},"file:///d%3A/Program%20Files%20%28x86%29/Steam/steamapps/common/Counter-Strike%20Global%20Offensive/game/csgo/cfg/CSRM/Grenade/Nuke/RadioCate1Text.cfg":{"language":"CSGO cfg","code":8,"comment":0,"blank":1},"file:///d%3A/Program%20Files%20%28x86%29/Steam/steamapps/common/Counter-Strike%20Global%20Offensive/game/csgo/cfg/CSRM/Grenade/Nuke/RadioCate1CMD.cfg":{"language":"CSGO cfg","code":8,"comment":0,"blank":0},"file:///d%3A/Program%20Files%20%28x86%29/Steam/steamapps/common/Counter-Strike%20Global%20Offensive/game/csgo/cfg/CSRM/Grenade/Nuke/RadioCate2CMD.cfg":{"language":"CSGO cfg","code":8,"comment":0,"blank":0},"file:///d%3A/Program%20Files%20%28x86%29/Steam/steamapps/common/Counter-Strike%20Global%20Offensive/game/csgo/cfg/CSRM/Grenade/Inferno/FAZE/RadioInfo2Text.cfg":{"language":"CSGO cfg","code":8,"comment":0,"blank":1},"file:///d%3A/Program%20Files%20%28x86%29/Steam/steamapps/common/Counter-Strike%20Global%20Offensive/game/csgo/cfg/CSRM/Grenade/Inferno/FAZE/RadioInfo2CMD.cfg":{"language":"CSGO cfg","code":9,"comment":0,"blank":1},"file:///d%3A/Program%20Files%20%28x86%29/Steam/steamapps/common/Counter-Strike%20Global%20Offensive/game/csgo/cfg/CSRM/Grenade/Inferno/FAZE/RadioInfo1Text.cfg":{"language":"CSGO cfg","code":8,"comment":0,"blank":1},"file:///d%3A/Program%20Files%20%28x86%29/Steam/steamapps/common/Counter-Strike%20Global%20Offensive/game/csgo/cfg/CSRM/Grenade/Inferno/FAZE/RadioInfo1CMD.cfg":{"language":"CSGO cfg","code":13,"comment":0,"blank":1},"file:///d%3A/Program%20Files%20%28x86%29/Steam/steamapps/common/Counter-Strike%20Global%20Offensive/game/csgo/cfg/CSRM/Grenade/Inferno/RadioCate3Text.cfg":{"language":"CSGO cfg","code":8,"comment":0,"blank":1},"file:///d%3A/Program%20Files%20%28x86%29/Steam/steamapps/common/Counter-Strike%20Global%20Offensive/game/csgo/cfg/CSRM/Grenade/Inferno/RadioCate3CMD.cfg":{"language":"CSGO cfg","code":8,"comment":0,"blank":0},"file:///d%3A/Program%20Files%20%28x86%29/Steam/steamapps/common/Counter-Strike%20Global%20Offensive/game/csgo/cfg/CSRM/Grenade/Inferno/RadioCate2Text.cfg":{"language":"CSGO cfg","code":8,"comment":0,"blank":1},"file:///d%3A/Program%20Files%20%28x86%29/Steam/steamapps/common/Counter-Strike%20Global%20Offensive/game/csgo/cfg/CSRM/Grenade/Inferno/RadioCate1Text.cfg":{"language":"CSGO cfg","code":8,"comment":0,"blank":1},"file:///d%3A/Program%20Files%20%28x86%29/Steam/steamapps/common/Counter-Strike%20Global%20Offensive/game/csgo/cfg/CSRM/Grenade/Inferno/RadioCate2CMD.cfg":{"language":"CSGO cfg","code":8,"comment":0,"blank":0},"file:///d%3A/Program%20Files%20%28x86%29/Steam/steamapps/common/Counter-Strike%20Global%20Offensive/game/csgo/cfg/CSRM/Grenade/Inferno/RadioCate1CMD.cfg":{"language":"CSGO cfg","code":8,"comment":0,"blank":0},"file:///d%3A/Program%20Files%20%28x86%29/Steam/steamapps/common/Counter-Strike%20Global%20Offensive/game/csgo/cfg/CSRM/Grenade/Inferno/ReABomb/RadioInfo1Text.cfg":{"language":"CSGO cfg","code":8,"comment":0,"blank":1},"file:///d%3A/Program%20Files%20%28x86%29/Steam/steamapps/common/Counter-Strike%20Global%20Offensive/game/csgo/cfg/CSRM/Grenade/Inferno/ReABomb/RadioInfo1CMD.cfg":{"language":"CSGO cfg","code":9,"comment":0,"blank":1},"file:///d%3A/Program%20Files%20%28x86%29/Steam/steamapps/common/Counter-Strike%20Global%20Offensive/game/csgo/cfg/CSRM/Grenade/Mirage/VIP/RadioInfo1Text.cfg":{"language":"CSGO cfg","code":8,"comment":0,"blank":1},"file:///d%3A/Program%20Files%20%28x86%29/Steam/steamapps/common/Counter-Strike%20Global%20Offensive/game/csgo/cfg/CSRM/Addon/JMove/Ticker/JMoveTicker.cfg":{"language":"CSGO cfg","code":58,"comment":0,"blank":23},"file:///d%3A/Program%20Files%20%28x86%29/Steam/steamapps/common/Counter-Strike%20Global%20Offensive/game/csgo/cfg/CSRM/Grenade/Mirage/VIP/RadioInfo1CMD.cfg":{"language":"CSGO cfg","code":13,"comment":0,"blank":1},"file:///d%3A/Program%20Files%20%28x86%29/Steam/steamapps/common/Counter-Strike%20Global%20Offensive/game/csgo/cfg/CSRM/Grenade/Mirage/RadioCate3Text.cfg":{"language":"CSGO cfg","code":8,"comment":0,"blank":1},"file:///d%3A/Program%20Files%20%28x86%29/Steam/steamapps/common/Counter-Strike%20Global%20Offensive/game/csgo/cfg/CSRM/Grenade/Mirage/RadioCate3CMD.cfg":{"language":"CSGO cfg","code":8,"comment":0,"blank":0},"file:///d%3A/Program%20Files%20%28x86%29/Steam/steamapps/common/Counter-Strike%20Global%20Offensive/game/csgo/cfg/CSRM/Grenade/Mirage/RadioCate2Text.cfg":{"language":"CSGO cfg","code":8,"comment":0,"blank":1},"file:///d%3A/Program%20Files%20%28x86%29/Steam/steamapps/common/Counter-Strike%20Global%20Offensive/game/csgo/cfg/CSRM/Grenade/Mirage/RadioCate2CMD.cfg":{"language":"CSGO cfg","code":8,"comment":0,"blank":0},"file:///d%3A/Program%20Files%20%28x86%29/Steam/steamapps/common/Counter-Strike%20Global%20Offensive/game/csgo/cfg/CSRM/Grenade/Mirage/RadioCate1Text.cfg":{"language":"CSGO cfg","code":8,"comment":0,"blank":1},"file:///d%3A/Program%20Files%20%28x86%29/Steam/steamapps/common/Counter-Strike%20Global%20Offensive/game/csgo/cfg/CSRM/Grenade/Mirage/Tramp/RadioInfo1Text.cfg":{"language":"CSGO cfg","code":8,"comment":0,"blank":1},"file:///d%3A/Program%20Files%20%28x86%29/Steam/steamapps/common/Counter-Strike%20Global%20Offensive/game/csgo/cfg/CSRM/Grenade/Mirage/Tramp/RadioInfo1CMD.cfg":{"language":"CSGO cfg","code":10,"comment":0,"blank":1},"file:///d%3A/Program%20Files%20%28x86%29/Steam/steamapps/common/Counter-Strike%20Global%20Offensive/game/csgo/cfg/CSRM/Grenade/Mirage/RadioCate1CMD.cfg":{"language":"CSGO cfg","code":8,"comment":0,"blank":0},"file:///d%3A/Program%20Files%20%28x86%29/Steam/steamapps/common/Counter-Strike%20Global%20Offensive/game/csgo/cfg/CSRM/Grenade/GrenadeRegedit.cfg":{"language":"CSGO cfg","code":31,"comment":0,"blank":3},"file:///d%3A/Program%20Files%20%28x86%29/Steam/steamapps/common/Counter-Strike%20Global%20Offensive/game/csgo/cfg/CSRM/Grenade/GrenadeRegedit_Relative.cfg":{"language":"CSGO cfg","code":26,"comment":1,"blank":4},"file:///d%3A/Program%20Files%20%28x86%29/Steam/steamapps/common/Counter-Strike%20Global%20Offensive/game/csgo/cfg/CSRM/Grenade/GrenadeMain.cfg":{"language":"CSGO cfg","code":67,"comment":0,"blank":13},"file:///d%3A/Program%20Files%20%28x86%29/Steam/steamapps/common/Counter-Strike%20Global%20Offensive/game/csgo/cfg/CSRM/Addon/JMove/Ticker/JMoveJumpTicker.cfg":{"language":"CSGO cfg","code":47,"comment":0,"blank":23},"file:///d%3A/Program%20Files%20%28x86%29/Steam/steamapps/common/Counter-Strike%20Global%20Offensive/game/csgo/cfg/CSRM/Grenade/Mirage/Other/RadioInfo1Text.cfg":{"language":"CSGO cfg","code":8,"comment":0,"blank":1},"file:///d%3A/Program%20Files%20%28x86%29/Steam/steamapps/common/Counter-Strike%20Global%20Offensive/game/csgo/cfg/CSRM/Grenade/Dust2/RadioCate3CMD.cfg":{"language":"CSGO cfg","code":8,"comment":0,"blank":0},"file:///d%3A/Program%20Files%20%28x86%29/Steam/steamapps/common/Counter-Strike%20Global%20Offensive/game/csgo/cfg/CSRM/Grenade/Dust2/RadioCate3Text.cfg":{"language":"CSGO cfg","code":8,"comment":0,"blank":1},"file:///d%3A/Program%20Files%20%28x86%29/Steam/steamapps/common/Counter-Strike%20Global%20Offensive/game/csgo/cfg/CSRM/Grenade/Mirage/Other/RadioInfo1CMD.cfg":{"language":"CSGO cfg","code":9,"comment":0,"blank":1},"file:///d%3A/Program%20Files%20%28x86%29/Steam/steamapps/common/Counter-Strike%20Global%20Offensive/game/csgo/cfg/CSRM/Grenade/BUGFlash/RadioInfo1Text.cfg":{"language":"CSGO cfg","code":8,"comment":0,"blank":1},"file:///d%3A/Program%20Files%20%28x86%29/Steam/steamapps/common/Counter-Strike%20Global%20Offensive/game/csgo/cfg/CSRM/Grenade/Dust2/RadioCate2Text.cfg":{"language":"CSGO cfg","code":8,"comment":0,"blank":1},"file:///d%3A/Program%20Files%20%28x86%29/Steam/steamapps/common/Counter-Strike%20Global%20Offensive/game/csgo/cfg/CSRM/Grenade/Dust2/RadioCate2CMD.cfg":{"language":"CSGO cfg","code":8,"comment":0,"blank":0},"file:///d%3A/Program%20Files%20%28x86%29/Steam/steamapps/common/Counter-Strike%20Global%20Offensive/game/csgo/cfg/CSRM/Grenade/BUGFlash/RadioInfo1CMD.cfg":{"language":"CSGO cfg","code":10,"comment":0,"blank":2},"file:///d%3A/Program%20Files%20%28x86%29/Steam/steamapps/common/Counter-Strike%20Global%20Offensive/game/csgo/cfg/CSRM/Grenade/Dust2/RadioCate1Text.cfg":{"language":"CSGO cfg","code":8,"comment":0,"blank":1},"file:///d%3A/Program%20Files%20%28x86%29/Steam/steamapps/common/Counter-Strike%20Global%20Offensive/game/csgo/cfg/CSRM/Grenade/Dust2/RadioCate1CMD.cfg":{"language":"CSGO cfg","code":8,"comment":0,"blank":0},"file:///d%3A/Program%20Files%20%28x86%29/Steam/steamapps/common/Counter-Strike%20Global%20Offensive/game/csgo/cfg/CSRM/Grenade/Dust2/OutMid/RadioInfo1CMD.cfg":{"language":"CSGO cfg","code":10,"comment":0,"blank":1},"file:///d%3A/Program%20Files%20%28x86%29/Steam/steamapps/common/Counter-Strike%20Global%20Offensive/game/csgo/cfg/CSRM/Addon/JMove/Ticker/JMoveTickerGen.cpp":{"language":"C++","code":43,"comment":2,"blank":1},"file:///d%3A/Program%20Files%20%28x86%29/Steam/steamapps/common/Counter-Strike%20Global%20Offensive/game/csgo/cfg/CSRM/Grenade/Dust2/FastMid/RadioInfo1Text.cfg":{"language":"CSGO cfg","code":8,"comment":0,"blank":1},"file:///d%3A/Program%20Files%20%28x86%29/Steam/steamapps/common/Counter-Strike%20Global%20Offensive/game/csgo/cfg/CSRM/Grenade/Dust2/FastMid/RadioInfo1CMD.cfg":{"language":"CSGO cfg","code":11,"comment":0,"blank":1},"file:///d%3A/Program%20Files%20%28x86%29/Steam/steamapps/common/Counter-Strike%20Global%20Offensive/game/csgo/cfg/CSRM/Grenade/Dust2/OutMid/RadioInfo1Text.cfg":{"language":"CSGO cfg","code":8,"comment":0,"blank":1},"file:///d%3A/Program%20Files%20%28x86%29/Steam/steamapps/common/Counter-Strike%20Global%20Offensive/game/csgo/cfg/CSRM/Grenade/Anubis/RadioCate3Text.cfg":{"language":"CSGO cfg","code":8,"comment":0,"blank":1},"file:///d%3A/Program%20Files%20%28x86%29/Steam/steamapps/common/Counter-Strike%20Global%20Offensive/game/csgo/cfg/CSRM/Grenade/Anubis/RadioCate3CMD.cfg":{"language":"CSGO cfg","code":8,"comment":0,"blank":0},"file:///d%3A/Program%20Files%20%28x86%29/Steam/steamapps/common/Counter-Strike%20Global%20Offensive/game/csgo/cfg/CSRM/Grenade/Dust2/AShort/SetAISW1.cfg":{"language":"CSGO cfg","code":1,"comment":0,"blank":0},"file:///d%3A/Program%20Files%20%28x86%29/Steam/steamapps/common/Counter-Strike%20Global%20Offensive/game/csgo/cfg/CSRM/Grenade/Anubis/RadioCate2Text.cfg":{"language":"CSGO cfg","code":8,"comment":0,"blank":1},"file:///d%3A/Program%20Files%20%28x86%29/Steam/steamapps/common/Counter-Strike%20Global%20Offensive/game/csgo/cfg/CSRM/Grenade/Dust2/AShort/RadioInfo1Text.cfg":{"language":"CSGO cfg","code":8,"comment":0,"blank":1},"file:///d%3A/Program%20Files%20%28x86%29/Steam/steamapps/common/Counter-Strike%20Global%20Offensive/game/csgo/cfg/CSRM/Grenade/Anubis/RadioCate1Text.cfg":{"language":"CSGO cfg","code":8,"comment":0,"blank":1},"file:///d%3A/Program%20Files%20%28x86%29/Steam/steamapps/common/Counter-Strike%20Global%20Offensive/game/csgo/cfg/CSRM/Grenade/Dust2/BBomb/SetAISW2.cfg":{"language":"CSGO cfg","code":1,"comment":0,"blank":0},"file:///d%3A/Program%20Files%20%28x86%29/Steam/steamapps/common/Counter-Strike%20Global%20Offensive/game/csgo/cfg/CSRM/Grenade/Anubis/RadioCate1CMD.cfg":{"language":"CSGO cfg","code":8,"comment":0,"blank":0},"file:///d%3A/Program%20Files%20%28x86%29/Steam/steamapps/common/Counter-Strike%20Global%20Offensive/game/csgo/cfg/CSRM/Grenade/Anubis/RadioCate2CMD.cfg":{"language":"CSGO cfg","code":8,"comment":0,"blank":0},"file:///d%3A/Program%20Files%20%28x86%29/Steam/steamapps/common/Counter-Strike%20Global%20Offensive/game/csgo/cfg/CSRM/Grenade/Dust2/BBomb/SetAISW1.cfg":{"language":"CSGO cfg","code":1,"comment":0,"blank":0},"file:///d%3A/Program%20Files%20%28x86%29/Steam/steamapps/common/Counter-Strike%20Global%20Offensive/game/csgo/cfg/CSRM/Grenade/Dust2/BBomb/RadioInfo1Text.cfg":{"language":"CSGO cfg","code":8,"comment":0,"blank":1},"file:///d%3A/Program%20Files%20%28x86%29/Steam/steamapps/common/Counter-Strike%20Global%20Offensive/game/csgo/cfg/CSRM/Grenade/Dust2/AShort/RadioInfo1CMD.cfg":{"language":"CSGO cfg","code":10,"comment":0,"blank":1},"file:///d%3A/Program%20Files%20%28x86%29/Steam/steamapps/common/Counter-Strike%20Global%20Offensive/game/csgo/cfg/CSRM/Grenade/Ancient/RadioCate3Text.cfg":{"language":"CSGO cfg","code":8,"comment":0,"blank":1},"file:///d%3A/Program%20Files%20%28x86%29/Steam/steamapps/common/Counter-Strike%20Global%20Offensive/game/csgo/cfg/CSRM/Grenade/Ancient/RadioCate3CMD.cfg":{"language":"CSGO cfg","code":8,"comment":0,"blank":0},"file:///d%3A/Program%20Files%20%28x86%29/Steam/steamapps/common/Counter-Strike%20Global%20Offensive/game/csgo/cfg/CSRM/Grenade/Ancient/RadioCate2Text.cfg":{"language":"CSGO cfg","code":8,"comment":0,"blank":1},"file:///d%3A/Program%20Files%20%28x86%29/Steam/steamapps/common/Counter-Strike%20Global%20Offensive/game/csgo/cfg/CSRM/Grenade/Ancient/RadioCate1Text.cfg":{"language":"CSGO cfg","code":8,"comment":0,"blank":1},"file:///d%3A/Program%20Files%20%28x86%29/Steam/steamapps/common/Counter-Strike%20Global%20Offensive/game/csgo/cfg/CSRM/Grenade/Dust2/BBomb/RadioInfo1CMD.cfg":{"language":"CSGO cfg","code":11,"comment":0,"blank":1},"file:///d%3A/Program%20Files%20%28x86%29/Steam/steamapps/common/Counter-Strike%20Global%20Offensive/game/csgo/cfg/CSRM/Grenade/Ancient/RadioCate1CMD.cfg":{"language":"CSGO cfg","code":8,"comment":0,"blank":0},"file:///d%3A/Program%20Files%20%28x86%29/Steam/steamapps/common/Counter-Strike%20Global%20Offensive/game/csgo/cfg/CSRM/Grenade/Ancient/RadioCate2CMD.cfg":{"language":"CSGO cfg","code":8,"comment":0,"blank":0},"file:///d%3A/Program%20Files%20%28x86%29/Steam/steamapps/common/Counter-Strike%20Global%20Offensive/game/csgo/cfg/CSRM/Ticker/CSRMTicker17.cfg":{"language":"CSGO cfg","code":120017,"comment":0,"blank":1},"file:///d%3A/Program%20Files%20%28x86%29/Steam/steamapps/common/Counter-Strike%20Global%20Offensive/game/csgo/cfg/CSRM/Ticker/CSRMTicker16.cfg":{"language":"CSGO cfg","code":120016,"comment":0,"blank":1},"file:///d%3A/Program%20Files%20%28x86%29/Steam/steamapps/common/Counter-Strike%20Global%20Offensive/game/csgo/cfg/CSRM/Ticker/CSRMTicker14.cfg":{"language":"CSGO cfg","code":120014,"comment":0,"blank":1},"file:///d%3A/Program%20Files%20%28x86%29/Steam/steamapps/common/Counter-Strike%20Global%20Offensive/game/csgo/cfg/CSRM/Ticker/CSRMTicker13.cfg":{"language":"CSGO cfg","code":120013,"comment":0,"blank":1},"file:///d%3A/Program%20Files%20%28x86%29/Steam/steamapps/common/Counter-Strike%20Global%20Offensive/game/csgo/cfg/CSRM/Ticker/CSRMTicker15.cfg":{"language":"CSGO cfg","code":120015,"comment":0,"blank":1},"file:///d%3A/Program%20Files%20%28x86%29/Steam/steamapps/common/Counter-Strike%20Global%20Offensive/game/csgo/cfg/CSRM/Ticker/CSRMTicker11.cfg":{"language":"CSGO cfg","code":120011,"comment":0,"blank":1},"file:///d%3A/Program%20Files%20%28x86%29/Steam/steamapps/common/Counter-Strike%20Global%20Offensive/game/csgo/cfg/CSRM/Ticker/CSRMTicker12.cfg":{"language":"CSGO cfg","code":120012,"comment":0,"blank":1},"file:///d%3A/Program%20Files%20%28x86%29/Steam/steamapps/common/Counter-Strike%20Global%20Offensive/game/csgo/cfg/CSRM/Ticker/CSRMTicker18.cfg":{"language":"CSGO cfg","code":120018,"comment":0,"blank":1},"file:///d%3A/Program%20Files%20%28x86%29/Steam/steamapps/common/Counter-Strike%20Global%20Offensive/game/csgo/cfg/CSRM/Ticker/CSRMTicker10.cfg":{"language":"CSGO cfg","code":120010,"comment":0,"blank":1},"file:///d%3A/Program%20Files%20%28x86%29/Steam/steamapps/common/Counter-Strike%20Global%20Offensive/game/csgo/cfg/CSRM/Ticker/CSRMTicker1.cfg":{"language":"CSGO cfg","code":120001,"comment":0,"blank":1},"file:///d%3A/Program%20Files%20%28x86%29/Steam/steamapps/common/Counter-Strike%20Global%20Offensive/game/csgo/cfg/CSRM/Ticker/CSRMTicker19.cfg":{"language":"CSGO cfg","code":120019,"comment":0,"blank":1},"file:///d%3A/Program%20Files%20%28x86%29/Steam/steamapps/common/Counter-Strike%20Global%20Offensive/game/csgo/cfg/CSRM/Ticker/CSRMTicker7.cfg":{"language":"CSGO cfg","code":120007,"comment":0,"blank":1},"file:///d%3A/Program%20Files%20%28x86%29/Steam/steamapps/common/Counter-Strike%20Global%20Offensive/game/csgo/cfg/CSRM/Ticker/CSRMTicker4.cfg":{"language":"CSGO cfg","code":120004,"comment":0,"blank":1},"file:///d%3A/Program%20Files%20%28x86%29/Steam/steamapps/common/Counter-Strike%20Global%20Offensive/game/csgo/cfg/CSRM/Ticker/CSRMTicker6.cfg":{"language":"CSGO cfg","code":120006,"comment":0,"blank":1},"file:///d%3A/Program%20Files%20%28x86%29/Steam/steamapps/common/Counter-Strike%20Global%20Offensive/game/csgo/cfg/CSRM/Ticker/CSRMTicker5.cfg":{"language":"CSGO cfg","code":120005,"comment":0,"blank":1},"file:///d%3A/Program%20Files%20%28x86%29/Steam/steamapps/common/Counter-Strike%20Global%20Offensive/game/csgo/cfg/CSRM/Ticker/CSRMTicker3.cfg":{"language":"CSGO cfg","code":120003,"comment":0,"blank":1},"file:///d%3A/Program%20Files%20%28x86%29/Steam/steamapps/common/Counter-Strike%20Global%20Offensive/game/csgo/cfg/CSRM/Ticker/CSRMTicker2.cfg":{"language":"CSGO cfg","code":120002,"comment":0,"blank":1},"file:///d%3A/Program%20Files%20%28x86%29/Steam/steamapps/common/Counter-Strike%20Global%20Offensive/game/csgo/cfg/CSRM/Ticker/CSRMTicker20.cfg":{"language":"CSGO cfg","code":120021,"comment":0,"blank":0},"file:///d%3A/Program%20Files%20%28x86%29/Steam/steamapps/common/Counter-Strike%20Global%20Offensive/game/csgo/cfg/CSRM/Ticker/CSRMTicker9.cfg":{"language":"CSGO cfg","code":120009,"comment":0,"blank":1},"file:///d%3A/Program%20Files%20%28x86%29/Steam/steamapps/common/Counter-Strike%20Global%20Offensive/game/csgo/cfg/CSRM/Ticker/CSRMTicker8.cfg":{"language":"CSGO cfg","code":120008,"comment":0,"blank":1},"file:///d%3A/Program%20Files%20%28x86%29/Steam/steamapps/common/Counter-Strike%20Global%20Offensive/game/csgo/cfg/CSRM/Addon/JMove/Ticker/JMoveJumpTicker8.cfg":{"language":"CSGO cfg","code":110008,"comment":0,"blank":1},"file:///d%3A/Program%20Files%20%28x86%29/Steam/steamapps/common/Counter-Strike%20Global%20Offensive/game/csgo/cfg/CSRM/Addon/JMove/Ticker/JMoveJumpTicker3.cfg":{"language":"CSGO cfg","code":110003,"comment":0,"blank":1},"file:///d%3A/Program%20Files%20%28x86%29/Steam/steamapps/common/Counter-Strike%20Global%20Offensive/game/csgo/cfg/CSRM/Addon/JMove/Ticker/JMoveJumpTicker2.cfg":{"language":"CSGO cfg","code":110002,"comment":0,"blank":1},"file:///d%3A/Program%20Files%20%28x86%29/Steam/steamapps/common/Counter-Strike%20Global%20Offensive/game/csgo/cfg/CSRM/Addon/JMove/Ticker/JMoveJumpTicker20.cfg":{"language":"CSGO cfg","code":110020,"comment":0,"blank":1},"file:///d%3A/Program%20Files%20%28x86%29/Steam/steamapps/common/Counter-Strike%20Global%20Offensive/game/csgo/cfg/CSRM/Addon/JMove/Ticker/JMoveJumpTicker7.cfg":{"language":"CSGO cfg","code":110007,"comment":0,"blank":1},"file:///d%3A/Program%20Files%20%28x86%29/Steam/steamapps/common/Counter-Strike%20Global%20Offensive/game/csgo/cfg/CSRM/Addon/JMove/Ticker/JMoveJumpTicker6.cfg":{"language":"CSGO cfg","code":110006,"comment":0,"blank":1},"file:///d%3A/Program%20Files%20%28x86%29/Steam/steamapps/common/Counter-Strike%20Global%20Offensive/game/csgo/cfg/CSRM/Addon/JMove/Ticker/JMoveJumpTicker5.cfg":{"language":"CSGO cfg","code":110005,"comment":0,"blank":1},"file:///d%3A/Program%20Files%20%28x86%29/Steam/steamapps/common/Counter-Strike%20Global%20Offensive/game/csgo/cfg/CSRM/Addon/JMove/Ticker/JMoveJumpTicker4.cfg":{"language":"CSGO cfg","code":110004,"comment":0,"blank":1},"file:///d%3A/Program%20Files%20%28x86%29/Steam/steamapps/common/Counter-Strike%20Global%20Offensive/game/csgo/cfg/CSRM/Addon/JMove/Ticker/JMoveJumpTicker9.cfg":{"language":"CSGO cfg","code":110009,"comment":0,"blank":1},"file:///d%3A/Program%20Files%20%28x86%29/Steam/steamapps/common/Counter-Strike%20Global%20Offensive/game/csgo/cfg/CSRM/Addon/JMove/Ticker/JMoveJumpTicker19.cfg":{"language":"CSGO cfg","code":110019,"comment":0,"blank":1},"file:///d%3A/Program%20Files%20%28x86%29/Steam/steamapps/common/Counter-Strike%20Global%20Offensive/game/csgo/cfg/CSRM/Addon/JMove/Ticker/JMoveJumpTicker17.cfg":{"language":"CSGO cfg","code":110017,"comment":0,"blank":1},"file:///d%3A/Program%20Files%20%28x86%29/Steam/steamapps/common/Counter-Strike%20Global%20Offensive/game/csgo/cfg/CSRM/Addon/JMove/Ticker/JMoveJumpTicker16.cfg":{"language":"CSGO cfg","code":110016,"comment":0,"blank":1},"file:///d%3A/Program%20Files%20%28x86%29/Steam/steamapps/common/Counter-Strike%20Global%20Offensive/game/csgo/cfg/CSRM/Addon/JMove/Ticker/JMoveJumpTicker18.cfg":{"language":"CSGO cfg","code":110018,"comment":0,"blank":1},"file:///d%3A/Program%20Files%20%28x86%29/Steam/steamapps/common/Counter-Strike%20Global%20Offensive/game/csgo/cfg/CSRM/Addon/JMove/Ticker/JMoveJumpTicker13.cfg":{"language":"CSGO cfg","code":110013,"comment":0,"blank":1},"file:///d%3A/Program%20Files%20%28x86%29/Steam/steamapps/common/Counter-Strike%20Global%20Offensive/game/csgo/cfg/CSRM/Addon/JMove/Ticker/JMoveJumpTicker14.cfg":{"language":"CSGO cfg","code":110014,"comment":0,"blank":1},"file:///d%3A/Program%20Files%20%28x86%29/Steam/steamapps/common/Counter-Strike%20Global%20Offensive/game/csgo/cfg/CSRM/Addon/JMove/Ticker/JMoveJumpTicker15.cfg":{"language":"CSGO cfg","code":110015,"comment":0,"blank":1},"file:///d%3A/Program%20Files%20%28x86%29/Steam/steamapps/common/Counter-Strike%20Global%20Offensive/game/csgo/cfg/CSRM/Addon/JMove/Ticker/JMoveTicker12.cfg":{"language":"CSGO cfg","code":120012,"comment":0,"blank":1},"file:///d%3A/Program%20Files%20%28x86%29/Steam/steamapps/common/Counter-Strike%20Global%20Offensive/game/csgo/cfg/CSRM/Addon/JMove/Ticker/JMoveTicker1.cfg":{"language":"CSGO cfg","code":120001,"comment":0,"blank":1},"file:///d%3A/Program%20Files%20%28x86%29/Steam/steamapps/common/Counter-Strike%20Global%20Offensive/game/csgo/cfg/CSRM/Addon/JMove/Ticker/JMoveTicker10.cfg":{"language":"CSGO cfg","code":120010,"comment":0,"blank":1},"file:///d%3A/Program%20Files%20%28x86%29/Steam/steamapps/common/Counter-Strike%20Global%20Offensive/game/csgo/cfg/CSRM/Addon/JMove/Ticker/JMoveJumpTicker12.cfg":{"language":"CSGO cfg","code":110012,"comment":0,"blank":1},"file:///d%3A/Program%20Files%20%28x86%29/Steam/steamapps/common/Counter-Strike%20Global%20Offensive/game/csgo/cfg/CSRM/Addon/JMove/Ticker/JMoveTicker14.cfg":{"language":"CSGO cfg","code":120014,"comment":0,"blank":1},"file:///d%3A/Program%20Files%20%28x86%29/Steam/steamapps/common/Counter-Strike%20Global%20Offensive/game/csgo/cfg/CSRM/Addon/JMove/Ticker/JMoveJumpTicker11.cfg":{"language":"CSGO cfg","code":110011,"comment":0,"blank":1},"file:///d%3A/Program%20Files%20%28x86%29/Steam/steamapps/common/Counter-Strike%20Global%20Offensive/game/csgo/cfg/CSRM/Addon/JMove/Ticker/JMoveTicker15.cfg":{"language":"CSGO cfg","code":120015,"comment":0,"blank":1},"file:///d%3A/Program%20Files%20%28x86%29/Steam/steamapps/common/Counter-Strike%20Global%20Offensive/game/csgo/cfg/CSRM/Addon/JMove/Ticker/JMoveTicker11.cfg":{"language":"CSGO cfg","code":120011,"comment":0,"blank":1},"file:///d%3A/Program%20Files%20%28x86%29/Steam/steamapps/common/Counter-Strike%20Global%20Offensive/game/csgo/cfg/CSRM/Addon/JMove/Ticker/JMoveTicker13.cfg":{"language":"CSGO cfg","code":120013,"comment":0,"blank":1},"file:///d%3A/Program%20Files%20%28x86%29/Steam/steamapps/common/Counter-Strike%20Global%20Offensive/game/csgo/cfg/CSRM/Addon/JMove/Ticker/JMoveJumpTicker10.cfg":{"language":"CSGO cfg","code":110010,"comment":0,"blank":1},"file:///d%3A/Program%20Files%20%28x86%29/Steam/steamapps/common/Counter-Strike%20Global%20Offensive/game/csgo/cfg/CSRM/Addon/JMove/Ticker/JMoveJumpTicker1.cfg":{"language":"CSGO cfg","code":110001,"comment":0,"blank":1},"file:///d%3A/Program%20Files%20%28x86%29/Steam/steamapps/common/Counter-Strike%20Global%20Offensive/game/csgo/cfg/CSRM/Addon/JMove/Ticker/JMoveTicker16.cfg":{"language":"CSGO cfg","code":120016,"comment":0,"blank":1},"file:///d%3A/Program%20Files%20%28x86%29/Steam/steamapps/common/Counter-Strike%20Global%20Offensive/game/csgo/cfg/CSRM/Addon/JMove/Ticker/JMoveTicker5.cfg":{"language":"CSGO cfg","code":120005,"comment":0,"blank":1},"file:///d%3A/Program%20Files%20%28x86%29/Steam/steamapps/common/Counter-Strike%20Global%20Offensive/game/csgo/cfg/CSRM/Addon/JMove/Ticker/JMoveTicker6.cfg":{"language":"CSGO cfg","code":120006,"comment":0,"blank":1},"file:///d%3A/Program%20Files%20%28x86%29/Steam/steamapps/common/Counter-Strike%20Global%20Offensive/game/csgo/cfg/CSRM/Addon/JMove/Ticker/JMoveTicker17.cfg":{"language":"CSGO cfg","code":120017,"comment":0,"blank":1},"file:///d%3A/Program%20Files%20%28x86%29/Steam/steamapps/common/Counter-Strike%20Global%20Offensive/game/csgo/cfg/CSRM/Addon/JMove/Ticker/JMoveTicker4.cfg":{"language":"CSGO cfg","code":120004,"comment":0,"blank":1},"file:///d%3A/Program%20Files%20%28x86%29/Steam/steamapps/common/Counter-Strike%20Global%20Offensive/game/csgo/cfg/CSRM/Addon/JMove/Ticker/JMoveTicker7.cfg":{"language":"CSGO cfg","code":120007,"comment":0,"blank":1},"file:///d%3A/Program%20Files%20%28x86%29/Steam/steamapps/common/Counter-Strike%20Global%20Offensive/game/csgo/cfg/CSRM/Addon/JMove/Ticker/JMoveTicker9.cfg":{"language":"CSGO cfg","code":120009,"comment":0,"blank":1},"file:///d%3A/Program%20Files%20%28x86%29/Steam/steamapps/common/Counter-Strike%20Global%20Offensive/game/csgo/cfg/CSRM/Addon/JMove/Ticker/JMoveTicker8.cfg":{"language":"CSGO cfg","code":120008,"comment":0,"blank":1},"file:///d%3A/Program%20Files%20%28x86%29/Steam/steamapps/common/Counter-Strike%20Global%20Offensive/game/csgo/cfg/CSRM/Addon/JMove/Ticker/JMoveTicker3.cfg":{"language":"CSGO cfg","code":120003,"comment":0,"blank":1},"file:///d%3A/Program%20Files%20%28x86%29/Steam/steamapps/common/Counter-Strike%20Global%20Offensive/game/csgo/cfg/CSRM/Addon/JMove/Ticker/JMoveTicker20.cfg":{"language":"CSGO cfg","code":120021,"comment":0,"blank":0},"file:///d%3A/Program%20Files%20%28x86%29/Steam/steamapps/common/Counter-Strike%20Global%20Offensive/game/csgo/cfg/CSRM/Addon/JMove/Ticker/JMoveTicker2.cfg":{"language":"CSGO cfg","code":120002,"comment":0,"blank":1},"file:///d%3A/Program%20Files%20%28x86%29/Steam/steamapps/common/Counter-Strike%20Global%20Offensive/game/csgo/cfg/CSRM/Addon/JMove/Ticker/JMoveTicker18.cfg":{"language":"CSGO cfg","code":120018,"comment":0,"blank":1},"file:///d%3A/Program%20Files%20%28x86%29/Steam/steamapps/common/Counter-Strike%20Global%20Offensive/game/csgo/cfg/CSRM/Addon/JMove/Ticker/JMoveTicker19.cfg":{"language":"CSGO cfg","code":120019,"comment":0,"blank":1}}