{"file:///f%3A/SteamLibrary/steamapps/common/Counter-Strike%20Global%20Offensive/game/csgo/cfg/CSRM/%E4%B8%80%E9%94%AE%E6%B7%BB%E5%8A%A0%E8%87%AA%E5%AE%9A%E4%B9%89%E9%81%93%E5%85%B7%28%E5%8D%8A%E6%88%90%E5%93%81%29.cpp":{"language":"C++","code":71,"comment":1,"blank":3},"file:///f%3A/SteamLibrary/steamapps/common/Counter-Strike%20Global%20Offensive/game/csgo/cfg/CSRM/Main.cfg":{"language":"CSGO cfg","code":15,"comment":0,"blank":6},"file:///f%3A/SteamLibrary/steamapps/common/Counter-Strike%20Global%20Offensive/game/csgo/cfg/CSRM/Radio/RadioMain.cfg":{"language":"CSGO cfg","code":22,"comment":0,"blank":6},"file:///f%3A/SteamLibrary/steamapps/common/Counter-Strike%20Global%20Offensive/game/csgo/cfg/CSRM/Preference.cfg":{"language":"CSGO cfg","code":41,"comment":127,"blank":35},"file:///f%3A/SteamLibrary/steamapps/common/Counter-Strike%20Global%20Offensive/game/csgo/cfg/CSRM/README.md":{"language":"Markdown","code":21,"comment":0,"blank":19},"file:///f%3A/SteamLibrary/steamapps/common/Counter-Strike%20Global%20Offensive/game/csgo/cfg/CSRM/Radio/RadioDefault.cfg":{"language":"CSGO cfg","code":25,"comment":0,"blank":0},"file:///f%3A/SteamLibrary/steamapps/common/Counter-Strike%20Global%20Offensive/game/csgo/cfg/CSRM/Addon/WheelJump.cfg":{"language":"CSGO cfg","code":15,"comment":0,"blank":5},"file:///f%3A/SteamLibrary/steamapps/common/Counter-Strike%20Global%20Offensive/game/csgo/cfg/CSRM/Radio/MajorOutputController.cfg":{"language":"CSGO cfg","code":9,"comment":0,"blank":5},"file:///f%3A/SteamLibrary/steamapps/common/Counter-Strike%20Global%20Offensive/game/csgo/cfg/CSRM/Grenade/RadioMapChooseText.cfg":{"language":"CSGO cfg","code":8,"comment":0,"blank":1},"file:///f%3A/SteamLibrary/steamapps/common/Counter-Strike%20Global%20Offensive/game/csgo/cfg/CSRM/Radio/CFGMain1CMD.cfg":{"language":"CSGO cfg","code":9,"comment":0,"blank":0},"file:///f%3A/SteamLibrary/steamapps/common/Counter-Strike%20Global%20Offensive/game/csgo/cfg/CSRM/Grenade/RadioMapChooseCMD.cfg":{"language":"CSGO cfg","code":9,"comment":0,"blank":0},"file:///f%3A/SteamLibrary/steamapps/common/Counter-Strike%20Global%20Offensive/game/csgo/cfg/CSRM/Radio/CFGMain1Text.cfg":{"language":"CSGO cfg","code":8,"comment":0,"blank":1},"file:///f%3A/SteamLibrary/steamapps/common/Counter-Strike%20Global%20Offensive/game/csgo/cfg/CSRM/Addon/WheelJumpDesubtick.cfg":{"language":"CSGO cfg","code":2,"comment":0,"blank":0},"file:///f%3A/SteamLibrary/steamapps/common/Counter-Strike%20Global%20Offensive/game/csgo/cfg/CSRM/Addon/RegEdit.cfg":{"language":"CSGO cfg","code":28,"comment":0,"blank":17},"file:///f%3A/SteamLibrary/steamapps/common/Counter-Strike%20Global%20Offensive/game/csgo/cfg/CSRM/Grenade/Mirage/RadioCate2Text.cfg":{"language":"CSGO cfg","code":8,"comment":0,"blank":1},"file:///f%3A/SteamLibrary/steamapps/common/Counter-Strike%20Global%20Offensive/game/csgo/cfg/CSRM/Grenade/Inferno/RadioCate2CMD.cfg":{"language":"CSGO cfg","code":8,"comment":0,"blank":0},"file:///f%3A/SteamLibrary/steamapps/common/Counter-Strike%20Global%20Offensive/game/csgo/cfg/CSRM/Grenade/Mirage/RadioCate3CMD.cfg":{"language":"CSGO cfg","code":8,"comment":0,"blank":0},"file:///f%3A/SteamLibrary/steamapps/common/Counter-Strike%20Global%20Offensive/game/csgo/cfg/CSRM/Grenade/Vertigo/RadioCate1CMD.cfg":{"language":"CSGO cfg","code":8,"comment":0,"blank":0},"file:///f%3A/SteamLibrary/steamapps/common/Counter-Strike%20Global%20Offensive/game/csgo/cfg/CSRM/Grenade/Mirage/RadioCate1Text.cfg":{"language":"CSGO cfg","code":8,"comment":0,"blank":1},"file:///f%3A/SteamLibrary/steamapps/common/Counter-Strike%20Global%20Offensive/game/csgo/cfg/CSRM/Grenade/Mirage/RadioCate2CMD.cfg":{"language":"CSGO cfg","code":8,"comment":0,"blank":0},"file:///f%3A/SteamLibrary/steamapps/common/Counter-Strike%20Global%20Offensive/game/csgo/cfg/CSRM/Grenade/Mirage/RadioCate1CMD.cfg":{"language":"CSGO cfg","code":8,"comment":0,"blank":0},"file:///f%3A/SteamLibrary/steamapps/common/Counter-Strike%20Global%20Offensive/game/csgo/cfg/CSRM/Grenade/Inferno/RadioCate1Text.cfg":{"language":"CSGO cfg","code":8,"comment":0,"blank":1},"file:///f%3A/SteamLibrary/steamapps/common/Counter-Strike%20Global%20Offensive/game/csgo/cfg/CSRM/Addon/IMStop/IMStopMain.cfg":{"language":"CSGO cfg","code":56,"comment":0,"blank":14},"file:///f%3A/SteamLibrary/steamapps/common/Counter-Strike%20Global%20Offensive/game/csgo/cfg/CSRM/Grenade/Nuke/RadioCate3Text.cfg":{"language":"CSGO cfg","code":8,"comment":0,"blank":1},"file:///f%3A/SteamLibrary/steamapps/common/Counter-Strike%20Global%20Offensive/game/csgo/cfg/CSRM/Grenade/Inferno/RadioCate1CMD.cfg":{"language":"CSGO cfg","code":8,"comment":0,"blank":0},"file:///f%3A/SteamLibrary/steamapps/common/Counter-Strike%20Global%20Offensive/game/csgo/cfg/CSRM/Grenade/Nuke/RadioCate3CMD.cfg":{"language":"CSGO cfg","code":8,"comment":0,"blank":0},"file:///f%3A/SteamLibrary/steamapps/common/Counter-Strike%20Global%20Offensive/game/csgo/cfg/CSRM/Addon/IMStop/IMStopFull1.cfg":{"language":"CSGO cfg","code":118,"comment":0,"blank":26},"file:///f%3A/SteamLibrary/steamapps/common/Counter-Strike%20Global%20Offensive/game/csgo/cfg/CSRM/Grenade/Vertigo/RadioCate3Text.cfg":{"language":"CSGO cfg","code":8,"comment":0,"blank":1},"file:///f%3A/SteamLibrary/steamapps/common/Counter-Strike%20Global%20Offensive/game/csgo/cfg/CSRM/Grenade/Inferno/FAZE/RadioInfo1CMD.cfg":{"language":"CSGO cfg","code":13,"comment":0,"blank":1},"file:///f%3A/SteamLibrary/steamapps/common/Counter-Strike%20Global%20Offensive/game/csgo/cfg/CSRM/Addon/IMStop/IMStopOld.cfg":{"language":"CSGO cfg","code":85,"comment":0,"blank":18},"file:///f%3A/SteamLibrary/steamapps/common/Counter-Strike%20Global%20Offensive/game/csgo/cfg/CSRM/Addon/IMStop/IMStopNone.cfg":{"language":"CSGO cfg","code":85,"comment":0,"blank":18},"file:///f%3A/SteamLibrary/steamapps/common/Counter-Strike%20Global%20Offensive/game/csgo/cfg/CSRM/Grenade/Inferno/RadioCate3Text.cfg":{"language":"CSGO cfg","code":8,"comment":0,"blank":1},"file:///f%3A/SteamLibrary/steamapps/common/Counter-Strike%20Global%20Offensive/game/csgo/cfg/CSRM/Grenade/Vertigo/RadioCate3CMD.cfg":{"language":"CSGO cfg","code":8,"comment":0,"blank":0},"file:///f%3A/SteamLibrary/steamapps/common/Counter-Strike%20Global%20Offensive/game/csgo/cfg/CSRM/Grenade/Inferno/RadioCate3CMD.cfg":{"language":"CSGO cfg","code":8,"comment":0,"blank":0},"file:///f%3A/SteamLibrary/steamapps/common/Counter-Strike%20Global%20Offensive/game/csgo/cfg/CSRM/Addon/IMStop/IMStopFull.cfg":{"language":"CSGO cfg","code":111,"comment":0,"blank":24},"file:///f%3A/SteamLibrary/steamapps/common/Counter-Strike%20Global%20Offensive/game/csgo/cfg/CSRM/Grenade/Inferno/RadioCate2Text.cfg":{"language":"CSGO cfg","code":8,"comment":0,"blank":1},"file:///f%3A/SteamLibrary/steamapps/common/Counter-Strike%20Global%20Offensive/game/csgo/cfg/CSRM/Grenade/Vertigo/RadioCate2Text.cfg":{"language":"CSGO cfg","code":8,"comment":0,"blank":1},"file:///f%3A/SteamLibrary/steamapps/common/Counter-Strike%20Global%20Offensive/game/csgo/cfg/CSRM/Grenade/Inferno/FAZE/RadioInfo2Text.cfg":{"language":"CSGO cfg","code":8,"comment":0,"blank":1},"file:///f%3A/SteamLibrary/steamapps/common/Counter-Strike%20Global%20Offensive/game/csgo/cfg/CSRM/Addon/IMStop/IMStopWC.cfg":{"language":"CSGO cfg","code":85,"comment":0,"blank":18},"file:///f%3A/SteamLibrary/steamapps/common/Counter-Strike%20Global%20Offensive/game/csgo/cfg/CSRM/Addon/IMStop/IMStopSnapTap.cfg":{"language":"CSGO cfg","code":85,"comment":0,"blank":18},"file:///f%3A/SteamLibrary/steamapps/common/Counter-Strike%20Global%20Offensive/game/csgo/cfg/CSRM/Grenade/Inferno/FAZE/RadioInfo2CMD.cfg":{"language":"CSGO cfg","code":9,"comment":0,"blank":1},"file:///f%3A/SteamLibrary/steamapps/common/Counter-Strike%20Global%20Offensive/game/csgo/cfg/CSRM/Grenade/Inferno/FAZE/RadioInfo1Text.cfg":{"language":"CSGO cfg","code":8,"comment":0,"blank":1},"file:///f%3A/SteamLibrary/steamapps/common/Counter-Strike%20Global%20Offensive/game/csgo/cfg/CSRM/Addon/IMStop/IMStopOnlyWS.cfg":{"language":"CSGO cfg","code":85,"comment":0,"blank":18},"file:///f%3A/SteamLibrary/steamapps/common/Counter-Strike%20Global%20Offensive/game/csgo/cfg/CSRM/Grenade/Vertigo/RadioCate2CMD.cfg":{"language":"CSGO cfg","code":8,"comment":0,"blank":0},"file:///f%3A/SteamLibrary/steamapps/common/Counter-Strike%20Global%20Offensive/game/csgo/cfg/CSRM/Addon/IMStop/IMStopDB.cfg":{"language":"CSGO cfg","code":85,"comment":0,"blank":18},"file:///f%3A/SteamLibrary/steamapps/common/Counter-Strike%20Global%20Offensive/game/csgo/cfg/CSRM/Grenade/Vertigo/RadioCate1Text.cfg":{"language":"CSGO cfg","code":8,"comment":0,"blank":1},"file:///f%3A/SteamLibrary/steamapps/common/Counter-Strike%20Global%20Offensive/game/csgo/cfg/CSRM/Grenade/Nuke/RadioCate2Text.cfg":{"language":"CSGO cfg","code":8,"comment":0,"blank":1},"file:///f%3A/SteamLibrary/steamapps/common/Counter-Strike%20Global%20Offensive/game/csgo/cfg/CSRM/Grenade/Mirage/RadioCate3Text.cfg":{"language":"CSGO cfg","code":8,"comment":0,"blank":1},"file:///f%3A/SteamLibrary/steamapps/common/Counter-Strike%20Global%20Offensive/game/csgo/cfg/CSRM/Grenade/Nuke/RadioCate1Text.cfg":{"language":"CSGO cfg","code":8,"comment":0,"blank":1},"file:///f%3A/SteamLibrary/steamapps/common/Counter-Strike%20Global%20Offensive/game/csgo/cfg/CSRM/Grenade/Nuke/RadioCate2CMD.cfg":{"language":"CSGO cfg","code":8,"comment":0,"blank":0},"file:///f%3A/SteamLibrary/steamapps/common/Counter-Strike%20Global%20Offensive/game/csgo/cfg/CSRM/Grenade/Nuke/RadioCate1CMD.cfg":{"language":"CSGO cfg","code":8,"comment":0,"blank":0},"file:///f%3A/SteamLibrary/steamapps/common/Counter-Strike%20Global%20Offensive/game/csgo/cfg/CSRM/CustomGrenade/RadioInfo1Text.cfg":{"language":"CSGO cfg","code":8,"comment":0,"blank":1},"file:///f%3A/SteamLibrary/steamapps/common/Counter-Strike%20Global%20Offensive/game/csgo/cfg/CSRM/Grenade/Mirage/VIP/RadioInfo1Text.cfg":{"language":"CSGO cfg","code":8,"comment":0,"blank":1},"file:///f%3A/SteamLibrary/steamapps/common/Counter-Strike%20Global%20Offensive/game/csgo/cfg/CSRM/Grenade/GrenadeRegedit_Relative.cfg":{"language":"CSGO cfg","code":26,"comment":1,"blank":4},"file:///f%3A/SteamLibrary/steamapps/common/Counter-Strike%20Global%20Offensive/game/csgo/cfg/CSRM/Grenade/Mirage/VIP/RadioInfo1CMD.cfg":{"language":"CSGO cfg","code":13,"comment":0,"blank":1},"file:///f%3A/SteamLibrary/steamapps/common/Counter-Strike%20Global%20Offensive/game/csgo/cfg/CSRM/Grenade/Inferno/ReABomb/RadioInfo1Text.cfg":{"language":"CSGO cfg","code":8,"comment":0,"blank":1},"file:///f%3A/SteamLibrary/steamapps/common/Counter-Strike%20Global%20Offensive/game/csgo/cfg/CSRM/Resets/RadioReset.cfg":{"language":"CSGO cfg","code":3,"comment":0,"blank":2},"file:///f%3A/SteamLibrary/steamapps/common/Counter-Strike%20Global%20Offensive/game/csgo/cfg/CSRM/Resets/GrenadeReset.cfg":{"language":"CSGO cfg","code":6,"comment":0,"blank":1},"file:///f%3A/SteamLibrary/steamapps/common/Counter-Strike%20Global%20Offensive/game/csgo/cfg/CSRM/Grenade/Inferno/ReABomb/RadioInfo1CMD.cfg":{"language":"CSGO cfg","code":9,"comment":0,"blank":1},"file:///f%3A/SteamLibrary/steamapps/common/Counter-Strike%20Global%20Offensive/game/csgo/cfg/CSRM/Grenade/GrenadeRegedit.cfg":{"language":"CSGO cfg","code":26,"comment":0,"blank":3},"file:///f%3A/SteamLibrary/steamapps/common/Counter-Strike%20Global%20Offensive/game/csgo/cfg/CSRM/Settings/RadioInfo3Text.cfg":{"language":"CSGO cfg","code":8,"comment":0,"blank":1},"file:///f%3A/SteamLibrary/steamapps/common/Counter-Strike%20Global%20Offensive/game/csgo/cfg/CSRM/Resets/AddonReset.cfg":{"language":"CSGO cfg","code":1,"comment":0,"blank":0},"file:///f%3A/SteamLibrary/steamapps/common/Counter-Strike%20Global%20Offensive/game/csgo/cfg/CSRM/Settings/RadioInfo3CMD.cfg":{"language":"CSGO cfg","code":8,"comment":0,"blank":1},"file:///f%3A/SteamLibrary/steamapps/common/Counter-Strike%20Global%20Offensive/game/csgo/cfg/CSRM/Settings/RadioInfo2Text.cfg":{"language":"CSGO cfg","code":20,"comment":0,"blank":5},"file:///f%3A/SteamLibrary/steamapps/common/Counter-Strike%20Global%20Offensive/game/csgo/cfg/CSRM/CustomGrenade/RadioInfo1CMD.cfg":{"language":"CSGO cfg","code":8,"comment":0,"blank":1},"file:///f%3A/SteamLibrary/steamapps/common/Counter-Strike%20Global%20Offensive/game/csgo/cfg/CSRM/Settings/RadioInfo2CMD.cfg":{"language":"CSGO cfg","code":8,"comment":0,"blank":1},"file:///f%3A/SteamLibrary/steamapps/common/Counter-Strike%20Global%20Offensive/game/csgo/cfg/CSRM/Addon/FastShift/RadioInfo1CMD.cfg":{"language":"CSGO cfg","code":8,"comment":0,"blank":1},"file:///f%3A/SteamLibrary/steamapps/common/Counter-Strike%20Global%20Offensive/game/csgo/cfg/CSRM/Settings/RadioInfo1Text.cfg":{"language":"CSGO cfg","code":14,"comment":0,"blank":4},"file:///f%3A/SteamLibrary/steamapps/common/Counter-Strike%20Global%20Offensive/game/csgo/cfg/CSRM/Addon/DuckJump.cfg":{"language":"CSGO cfg","code":4,"comment":0,"blank":3},"file:///f%3A/SteamLibrary/steamapps/common/Counter-Strike%20Global%20Offensive/game/csgo/cfg/CSRM/Grenade/GrenadeMain.cfg":{"language":"CSGO cfg","code":33,"comment":3,"blank":10},"file:///f%3A/SteamLibrary/steamapps/common/Counter-Strike%20Global%20Offensive/game/csgo/cfg/CSRM/Grenade/Mirage/Tramp/RadioInfo1CMD.cfg":{"language":"CSGO cfg","code":10,"comment":0,"blank":1},"file:///f%3A/SteamLibrary/steamapps/common/Counter-Strike%20Global%20Offensive/game/csgo/cfg/CSRM/Addon/FastShift/MajorGunSwitchController.cfg":{"language":"CSGO cfg","code":15,"comment":0,"blank":0},"file:///f%3A/SteamLibrary/steamapps/common/Counter-Strike%20Global%20Offensive/game/csgo/cfg/CSRM/Addon/FastShift/FastShift.cfg":{"language":"CSGO cfg","code":11,"comment":0,"blank":1},"file:///f%3A/SteamLibrary/steamapps/common/Counter-Strike%20Global%20Offensive/game/csgo/cfg/CSRM/Grenade/Mirage/Other/RadioInfo1Text.cfg":{"language":"CSGO cfg","code":8,"comment":0,"blank":1},"file:///f%3A/SteamLibrary/steamapps/common/Counter-Strike%20Global%20Offensive/game/csgo/cfg/CSRM/Addon/FastShift/FastShiftController.cfg":{"language":"CSGO cfg","code":54,"comment":0,"blank":19},"file:///f%3A/SteamLibrary/steamapps/common/Counter-Strike%20Global%20Offensive/game/csgo/cfg/CSRM/Addon/FastShift/RadioInfo1Text.cfg":{"language":"CSGO cfg","code":8,"comment":0,"blank":1},"file:///f%3A/SteamLibrary/steamapps/common/Counter-Strike%20Global%20Offensive/game/csgo/cfg/CSRM/Grenade/Mirage/Other/RadioInfo1CMD.cfg":{"language":"CSGO cfg","code":9,"comment":0,"blank":1},"file:///f%3A/SteamLibrary/steamapps/common/Counter-Strike%20Global%20Offensive/game/csgo/cfg/CSRM/Settings/RadioInfo1CMD.cfg":{"language":"CSGO cfg","code":8,"comment":0,"blank":1},"file:///f%3A/SteamLibrary/steamapps/common/Counter-Strike%20Global%20Offensive/game/csgo/cfg/CSRM/CustomGrenade/CustomGrenadeRegedit.cfg":{"language":"CSGO cfg","code":2,"comment":0,"blank":0},"file:///f%3A/SteamLibrary/steamapps/common/Counter-Strike%20Global%20Offensive/game/csgo/cfg/CSRM/Addon/AttackDeDefuse.cfg":{"language":"CSGO cfg","code":4,"comment":0,"blank":1},"file:///f%3A/SteamLibrary/steamapps/common/Counter-Strike%20Global%20Offensive/game/csgo/cfg/CSRM/Grenade/Mirage/Tramp/RadioInfo1Text.cfg":{"language":"CSGO cfg","code":8,"comment":0,"blank":1},"file:///f%3A/SteamLibrary/steamapps/common/Counter-Strike%20Global%20Offensive/game/csgo/cfg/CSRM/Grenade/Anubis/RadioCate1Text.cfg":{"language":"CSGO cfg","code":8,"comment":0,"blank":1},"file:///f%3A/SteamLibrary/steamapps/common/Counter-Strike%20Global%20Offensive/game/csgo/cfg/CSRM/Addon/AddonMain.cfg":{"language":"CSGO cfg","code":7,"comment":0,"blank":2},"file:///f%3A/SteamLibrary/steamapps/common/Counter-Strike%20Global%20Offensive/game/csgo/cfg/CSRM/Addon/FastAttack/GenLis.cpp":{"language":"C++","code":36,"comment":3,"blank":0},"file:///f%3A/SteamLibrary/steamapps/common/Counter-Strike%20Global%20Offensive/game/csgo/cfg/CSRM/Settings/OutputSettingsList.cfg":{"language":"CSGO cfg","code":9,"comment":0,"blank":0},"file:///f%3A/SteamLibrary/steamapps/common/Counter-Strike%20Global%20Offensive/game/csgo/cfg/CSRM/Grenade/Anubis/RadioCate1CMD.cfg":{"language":"CSGO cfg","code":8,"comment":0,"blank":0},"file:///f%3A/SteamLibrary/steamapps/common/Counter-Strike%20Global%20Offensive/game/csgo/cfg/CSRM/Grenade/Anubis/RadioCate2CMD.cfg":{"language":"CSGO cfg","code":8,"comment":0,"blank":0},"file:///f%3A/SteamLibrary/steamapps/common/Counter-Strike%20Global%20Offensive/game/csgo/cfg/CSRM/Addon/FastAttack/MouseXListener.cfg":{"language":"CSGO cfg","code":12,"comment":0,"blank":4},"file:///f%3A/SteamLibrary/steamapps/common/Counter-Strike%20Global%20Offensive/game/csgo/cfg/CSRM/Grenade/Dust2/RadioCate1CMD.cfg":{"language":"CSGO cfg","code":8,"comment":0,"blank":0},"file:///f%3A/SteamLibrary/steamapps/common/Counter-Strike%20Global%20Offensive/game/csgo/cfg/CSRM/Grenade/Ancient/RadioCate1CMD.cfg":{"language":"CSGO cfg","code":8,"comment":0,"blank":0},"file:///f%3A/SteamLibrary/steamapps/common/Counter-Strike%20Global%20Offensive/game/csgo/cfg/CSRM/Grenade/Dust2/RadioCate3Text.cfg":{"language":"CSGO cfg","code":8,"comment":0,"blank":1},"file:///f%3A/SteamLibrary/steamapps/common/Counter-Strike%20Global%20Offensive/game/csgo/cfg/CSRM/Grenade/Dust2/RadioCate3CMD.cfg":{"language":"CSGO cfg","code":8,"comment":0,"blank":0},"file:///f%3A/SteamLibrary/steamapps/common/Counter-Strike%20Global%20Offensive/game/csgo/cfg/CSRM/Grenade/Ancient/RadioCate3Text.cfg":{"language":"CSGO cfg","code":8,"comment":0,"blank":1},"file:///f%3A/SteamLibrary/steamapps/common/Counter-Strike%20Global%20Offensive/game/csgo/cfg/CSRM/Grenade/Dust2/RadioCate2Text.cfg":{"language":"CSGO cfg","code":8,"comment":0,"blank":1},"file:///f%3A/SteamLibrary/steamapps/common/Counter-Strike%20Global%20Offensive/game/csgo/cfg/CSRM/Grenade/Ancient/RadioCate3CMD.cfg":{"language":"CSGO cfg","code":8,"comment":0,"blank":0},"file:///f%3A/SteamLibrary/steamapps/common/Counter-Strike%20Global%20Offensive/game/csgo/cfg/CSRM/Grenade/Ancient/RadioCate2Text.cfg":{"language":"CSGO cfg","code":8,"comment":0,"blank":1},"file:///f%3A/SteamLibrary/steamapps/common/Counter-Strike%20Global%20Offensive/game/csgo/cfg/CSRM/Grenade/Dust2/RadioCate2CMD.cfg":{"language":"CSGO cfg","code":8,"comment":0,"blank":0},"file:///f%3A/SteamLibrary/steamapps/common/Counter-Strike%20Global%20Offensive/game/csgo/cfg/CSRM/Grenade/Ancient/RadioCate2CMD.cfg":{"language":"CSGO cfg","code":8,"comment":0,"blank":0},"file:///f%3A/SteamLibrary/steamapps/common/Counter-Strike%20Global%20Offensive/game/csgo/cfg/CSRM/Grenade/Dust2/RadioCate1Text.cfg":{"language":"CSGO cfg","code":8,"comment":0,"blank":1},"file:///f%3A/SteamLibrary/steamapps/common/Counter-Strike%20Global%20Offensive/game/csgo/cfg/CSRM/Grenade/Ancient/RadioCate1Text.cfg":{"language":"CSGO cfg","code":8,"comment":0,"blank":1},"file:///f%3A/SteamLibrary/steamapps/common/Counter-Strike%20Global%20Offensive/game/csgo/cfg/CSRM/Grenade/Anubis/RadioCate3Text.cfg":{"language":"CSGO cfg","code":8,"comment":0,"blank":1},"file:///f%3A/SteamLibrary/steamapps/common/Counter-Strike%20Global%20Offensive/game/csgo/cfg/CSRM/Grenade/Dust2/FastMid/RadioInfo1CMD.cfg":{"language":"CSGO cfg","code":11,"comment":0,"blank":1},"file:///f%3A/SteamLibrary/steamapps/common/Counter-Strike%20Global%20Offensive/game/csgo/cfg/CSRM/Grenade/Dust2/AShort/RadioInfo1CMD.cfg":{"language":"CSGO cfg","code":10,"comment":0,"blank":1},"file:///f%3A/SteamLibrary/steamapps/common/Counter-Strike%20Global%20Offensive/game/csgo/cfg/CSRM/Grenade/Anubis/RadioCate3CMD.cfg":{"language":"CSGO cfg","code":8,"comment":0,"blank":0},"file:///f%3A/SteamLibrary/steamapps/common/Counter-Strike%20Global%20Offensive/game/csgo/cfg/CSRM/Grenade/Dust2/OutMid/RadioInfo1CMD.cfg":{"language":"CSGO cfg","code":10,"comment":0,"blank":1},"file:///f%3A/SteamLibrary/steamapps/common/Counter-Strike%20Global%20Offensive/game/csgo/cfg/CSRM/Grenade/Dust2/AShort/RadioInfo1Text.cfg":{"language":"CSGO cfg","code":8,"comment":0,"blank":1},"file:///f%3A/SteamLibrary/steamapps/common/Counter-Strike%20Global%20Offensive/game/csgo/cfg/CSRM/Grenade/Dust2/FastMid/RadioInfo1Text.cfg":{"language":"CSGO cfg","code":8,"comment":0,"blank":1},"file:///f%3A/SteamLibrary/steamapps/common/Counter-Strike%20Global%20Offensive/game/csgo/cfg/CSRM/Addon/FastAttack/Temp.cfg":{"language":"CSGO cfg","code":64,"comment":0,"blank":1},"file:///f%3A/SteamLibrary/steamapps/common/Counter-Strike%20Global%20Offensive/game/csgo/cfg/CSRM/Grenade/Dust2/OutMid/RadioInfo1Text.cfg":{"language":"CSGO cfg","code":8,"comment":0,"blank":1},"file:///f%3A/SteamLibrary/steamapps/common/Counter-Strike%20Global%20Offensive/game/csgo/cfg/CSRM/Grenade/Anubis/RadioCate2Text.cfg":{"language":"CSGO cfg","code":8,"comment":0,"blank":1},"file:///f%3A/SteamLibrary/steamapps/common/Counter-Strike%20Global%20Offensive/game/csgo/cfg/CSRM/Grenade/Dust2/AShort/SetAISW1.cfg":{"language":"CSGO cfg","code":1,"comment":0,"blank":0},"file:///f%3A/SteamLibrary/steamapps/common/Counter-Strike%20Global%20Offensive/game/csgo/cfg/CSRM/Grenade/Dust2/BBomb/SetAISW2.cfg":{"language":"CSGO cfg","code":1,"comment":0,"blank":0},"file:///f%3A/SteamLibrary/steamapps/common/Counter-Strike%20Global%20Offensive/game/csgo/cfg/CSRM/Grenade/Dust2/BBomb/SetAISW1.cfg":{"language":"CSGO cfg","code":1,"comment":0,"blank":0},"file:///f%3A/SteamLibrary/steamapps/common/Counter-Strike%20Global%20Offensive/game/csgo/cfg/CSRM/Grenade/Dust2/BBomb/RadioInfo1Text.cfg":{"language":"CSGO cfg","code":8,"comment":0,"blank":1},"file:///f%3A/SteamLibrary/steamapps/common/Counter-Strike%20Global%20Offensive/game/csgo/cfg/CSRM/Grenade/Dust2/BBomb/RadioInfo1CMD.cfg":{"language":"CSGO cfg","code":11,"comment":0,"blank":1}}